0010a,255,255,255
0015a,255,255,255
0017a,248,255,255
0020a,1,1,1
0101a,255,255,250
0105a,213,210,213
0108a,117,122,137
0108a,140,143,145
0111a,84,97,94
0112a,117,112,117
0123a,125,125,125
0124a,191,186,181
0128a,227,217,222
0131a,122,122,122
0132a,62,75,96
0138a,69,69,69
0138a,125,125,125
0142a,173,173,173
0145a,220,227,235
0150a,240,240,225
0151a,207,196,186
0151a,221,219,191
0152a,130,120,135
017sa,125,125,125
0180a,227,212,212
0182a,227,220,240
0184a,248,238,253
0220a,225,251,79
0221a,245,227,38
0232a,184,168,13
0250a,248,248,192
0270a,1,1,1
0310a,255,255,112
0311a,247,209,23
0345a,135,117,20
0352a,197,232,102
0442a,159,147,57
0453a,133,174,76
0463a,128,194,145
0464a,125,125,125
0465a,74,69,18
0501a,255,255,1
0506a,255,238,35
0520a,255,255,184
0532a,195,183,111
0542a,171,140,10
0546a,204,215,1
0552a,194,184,81
0600a,247,212,23
0605a,255,240,1
0605a,255,240,1
0608a,255,240,12
0630a,255,250,179
0640a,247,214,125
0643a,194,185,97
0651a,255,243,176
0660a,253,253,202
0670a,253,253,215
0672a,230,227,179
0700a,252,201,23
0702a,248,227,5
0704a,230,176,18
0706a,255,201,28
0713a,255,243,84
0722a,140,125,112
0731a,253,227,179
0747a,112,89,28
0761a,224,214,181
0776a,125,115,102
0800a,255,211,5
0811a,247,181,18
0821a,220,168,10
0822a,191,148,13
0824a,199,148,13
0832a,240,215,76
0842a,202,174,33
0851a,216,205,131
0853a,173,134,107
0861a,204,193,153
0862a,204,197,156
0870a,253,255,212
0873a,202,197,143
0874a,171,171,156
0904a,212,133,1
0922a,171,115,5
0931a,184,105,5
0932a,153,79,20
0933a,97,51,20
0934a,194,148,112
0940a,194,125,5
0941a,194,176,43
0945a,97,74,33
0970a,255,255,204
1055a,153,112,89
1060a,255,225,138
1061a,199,172,154
1102a,242,128,1
1106a,255,120,77
1114a,222,112,8
1115a,158,82,5
1120a,255,151,1
1123a,207,172,133
1134a,122,71,30
1140a,255,245,168
1141a,230,176,128
1154a,143,79,1
1172a,240,238,145
1183a,148,1,67
1220a,250,135,61
1300a,245,102,1
1301a,232,66,1
1303a,125,125,125
1304a,245,97,23
1305a,255,79,1
1305a,200,56,36
1306a,255,1,1
1306a,255,1,1
1311a,207,87,5
1312a,181,48,1
1322a,176,88,1
1332a,186,82,5
1334a,150,51,15
1334a,120,31,28
1335a,184,53,17
1342a,112,51,31
1346a,79,41,38
1351a,250,163,135
1352a,250,156,110
1355a,92,48,33
1362a,250,191,158
1366a,38,1,1
1375a,43,35,48
1430a,232,148,125
1500a,255,1,1
1514a,192,43,1
1526a,183,108,96
1532a,255,180,155
1543a,125,125,125
1543a,125,125,125
1551a,250,181,171
1600a,227,122,74
1701a,214,9,3
1703a,209,36,33
1704a,255,30,12
1720a,233,18,55
1725a,204,41,43
1753a,250,95,121
1755a,242,194,196
1760a,237,189,168
1761a,219,166,168
1776a,38,1,1
1800a,217,2,17
1805a,215,1,43
1840a,255,158,128
1860a,250,199,204
1874a,86,65,67
1876a,46,23,1
1900a,214,28,56
1901a,99,171,43
1902a,168,1,1
1903a,222,1,5
1904a,204,38,35
1906a,173,3,59
1911a,148,1,20
1912a,156,31,46
1913a,126,6,27
1921a,184,56,71
1940a,254,121,121
1950a,255,1,174
1972a,181,181,181
2011a,153,31,54
2011a,98,5,7
2022a,135,33,46
2051a,215,145,186
2101a,163,1,48
2113a,130,2,46
2115a,64,25,43
2123a,64,20,20
2152a,232,140,153
2153a,235,156,168
2155a,250,161,181
2160a,252,184,196
2166a,235,191,191
2170a,245,207,207
2171a,242,194,199
2220a,248,81,122
2222a,117,38,59
2224a,128,41,61
2241a,179,102,117
2250a,253,215,250
2300a,209,3,115
2320a,230,8,110
2333a,97,23,51
2336a,48,2,15
2500a,122,20,82
2504a,161,1,130
2506a,102,1,43
2508a,161,1,125
2520a,245,74,145
2521a,204,3,92
2530a,255,132,237
2532a,240,115,245
2550a,240,115,245
2560a,255,158,194
2600a,115,36,102
2604a,245,232,157
2640a,222,156,217
2674a,166,181,179
2711a,97,23,89
2715a,102,15,110
2764a,209,128,194
2810a,158,77,171
2830a,186,156,253
2900a,89,23,138
2905a,140,66,173
2910a,171,115,194
2920a,171,102,163
2944a,33,1,40
3040a,199,168,248
3045a,209,163,204
3102a,20,31,120
3110a,51,13,115
3114a,74,36,94
3130a,225,192,248
3210a,97,1,145
3211a,53,49,111
3241a,176,117,202
3251a,199,156,217
3323a,1,36,105
3331a,196,170,239
3332a,120,97,228
3333a,28,20,117
3335a,53,4,134
3344a,19,21,53
3344a,23,18,56
3353a,41,23,107
3355a,18,28,77
3444a,10,41,61
3522a,40,48,128
3536a,94,15,84
3541a,79,1,138
3543a,74,2,150
3544a,33,28,117
3554a,5,38,56
3572a,185,189,196
3600a,55,86,121
3600a,53,69,134
3611a,12,58,140
3612a,8,51,143
3622a,1,53,158
3630a,100,160,200
3640a,148,181,224
3641a,94,135,238
3644a,1,1,119
3650a,199,209,230
3652a,161,204,248
3654a,50,102,120
3730a,170,199,251
3732a,1,51,82
3743a,10,65,95
3750a,184,204,222
3761a,215,230,253
3770a,212,214,217
3810a,55,105,158
3815a,107,168,255
3820a,163,187,224
3830a,125,159,202
3840a,158,191,227
3842a,92,120,143
3900a,43,145,248
3901a,1,102,158
3902a,30,138,215
3910a,87,181,224
3951a,169,198,204
3953a,88,106,137
3962a,158,201,227
3971a,232,232,230
4010a,1,158,186
4032a,1,89,131
4033a,1,84,115
4071a,214,217,222
4073a,149,149,149
4101a,1,158,199
4103a,1,197,238
4103a,1,197,238
4103a,1,197,238
4103a,1,197,238
4103a,1,197,238
4103a,1,197,238
4103a,1,197,238
4111a,1,181,217
4113a,74,212,215
4116a,74,212,215
4133a,1,69,87
4174a,66,74,82
4220a,138,240,238
4220a,138,240,238
4230a,110,201,224
4240a,179,255,253
4250a,191,255,254
4410a,10,166,130
4421a,1,176,158
4423a,1,153,171
4425a,1,112,115
4430a,145,235,232
4442a,1,77,105
4452a,30,194,166
4515a,1,61,77
4531a,1,176,145
4610a,25,207,128
4620a,76,232,174
4625a,48,184,130
4643a,18,99,107
4644a,1,99,92
4952a,168,255,253
5005a,1,92,84
5010a,1,150,135
5050a,194,255,225
5100a,1,133,117
5101a,1,138,128
5210a,1,120,84
5220a,143,214,171
5230a,120,255,186
5233a,31,97,87
5324a,1,102,71
5326a,28,69,56
5335a,1,69,61
5374a,23,56,51
5411a,1,130,74
5415a,17,204,1
5422a,46,118,51
5444a,1,77,64
5500a,94,224,69
5510a,41,153,38
5513a,46,209,1
5515a,7,227,1
5531a,89,230,64
5552a,156,166,150
5555a,1,94,1
5610a,143,245,51
5613a,105,184,52
5633a,25,171,55
5643a,20,77,41
5650a,181,255,138
5664a,115,143,128
5822a,179,227,107
5833a,102,215,33
5866a,1,51,1
5912a,140,255,66
5933a,101,118,1
5934a,74,97,28
5940a,214,236,125
5944a,25,104,17
6010a,215,235,1
6011a,176,255,98
6031a,164,197,48
6051a,168,255,120
6133a,125,120,5
6156a,30,53,1
6533a,51,115,33
mg50a,232,219,83
ms50a,185,193,198
0102u,245,207,207
0103u,255,194,145
0105u,227,69,89
0106u,237,102,122
0107u,232,140,153
0108u,186,18,43
0112u,237,186,194
0113u,252,122,176
0114u,224,69,122
0115u,209,3,115
0116u,107,23,59
0117u,217,237,158
0118u,99,143,56
0119u,84,117,43
0120u,51,115,33
0121u,1,84,64
0122u,1,120,84
0123u,1,150,69
0124u,1,115,54
0125u,107,28,64
0126u,237,194,130
0127u,237,194,130
0128u,214,143,84
0129u,179,84,8
0130u,133,54,15
0131u,105,46,31
0133u,130,61,10
0135u,130,61,10
0140u,235,230,173
0141u,92,38,36
0142u,237,217,89
0143u,237,207,61
0144u,252,201,23
0145u,212,133,1
0146u,222,135,3
0147u,247,163,10
0148u,245,112,1
0151u,209,204,196
0152u,140,143,145
0153u,99,107,112
0154u,99,107,112
0155u,36,41,46
0156u,201,201,196
0157u,191,186,181
0158u,209,201,189
0159u,173,173,173
0162u,102,153,194
0163u,158,191,227
0165u,92,120,143
0166u,1,54,89
0167u,46,64,107
0168u,1,48,92
0169u,13,31,97
0170u,13,31,97
0171u,5,38,56
0172u,181,171,212
0173u,156,143,201
0174u,130,115,186
0175u,143,125,207
0176u,38,13,84
0177u,51,13,115
0178u,38,13,84
0179u,71,59,99
0181u,250,181,171
0182u,250,128,133
0183u,250,143,107
0184u,237,186,143
0185u,250,191,158
0186u,250,168,120
0187u,212,71,15
0188u,189,102,10
0189u,92,38,36
0191u,227,191,204
0192u,207,150,176
0196u,204,133,138
0197u,214,99,115
0201u,235,166,176
0202u,237,171,194
0203u,247,117,148
0204u,199,1,125
0205u,171,3,92
0206u,204,3,92
0207u,173,219,227
0208u,1,184,224
0209u,41,194,222
0210u,1,171,201
0211u,199,217,230
0212u,179,199,227
0213u,171,186,222
0214u,87,138,214
0215u,1,71,186
0216u,23,23,150
0217u,1,43,94
0218u,1,171,201
0219u,1,56,130
0220u,54,87,140
0221u,237,186,194
0223u,224,69,122
0224u,181,38,112
0225u,107,23,59
0226u,107,28,64
0231u,171,112,56
0232u,128,61,3
0233u,112,51,31
0234u,92,38,36
0235u,140,66,1
0240u,166,15,56
0241u,156,31,46
0242u,122,28,61
0243u,117,38,59
0245u,125,33,43
0246u,110,33,66
0248u,135,33,46
0252u,173,219,227
0253u,105,204,230
0254u,54,87,140
0255u,1,64,122
0262u,181,145,214
0263u,171,115,194
0264u,184,120,191
0265u,173,115,196
0266u,74,36,94
0267u,82,28,120
0270u,163,217,99
0271u,186,212,5
0272u,84,194,71
0273u,97,191,26
0274u,99,143,56
0275u,1,120,84
0276u,1,115,54
0277u,107,143,1
0278u,1,130,74
0279u,94,224,69
0280u,94,224,69
0281u,222,209,217
0282u,204,156,209
0283u,150,69,148
0285u,158,77,171
0286u,110,10,120
0287u,92,20,94
0288u,77,41,66
0289u,89,33,84
0290u,245,227,158
0291u,237,194,130
0292u,237,194,130
0298u,222,232,102
0299u,219,232,54
0300u,247,219,23
0301u,194,148,112
0302u,247,209,23
0303u,214,196,153
0304u,232,224,186
0305u,201,181,130
0306u,214,171,130
0307u,237,194,130
0308u,153,99,8
0309u,150,87,1
0310u,92,38,36
0311u,59,46,41
0312u,71,51,51
0313u,71,51,51
0314u,168,173,112
0315u,212,222,181
0316u,199,214,163
0317u,191,209,153
0318u,87,130,112
0319u,61,92,87
0320u,23,56,51
0323u,168,181,10
0324u,214,227,15
0325u,168,181,10
0327u,110,107,13
0330u,13,176,43
0331u,51,140,38
0332u,1,153,89
0333u,217,224,212
0334u,179,201,140
0335u,161,219,135
0336u,1,99,56
0337u,1,115,54
0338u,1,120,84
0339u,1,71,48
0341u,237,186,143
0342u,250,158,13
0343u,245,102,1
0344u,186,18,43
0345u,186,18,43
0346u,186,18,43
0348u,186,18,43
0351u,240,212,219
0353u,232,110,173
0354u,230,8,110
0361u,176,217,230
0362u,173,207,230
0363u,199,212,224
0364u,148,181,224
0365u,168,153,143
0366u,158,156,112
0368u,99,84,74
0371u,92,186,204
0372u,125,153,186
0374u,94,130,171
0375u,140,204,217
0376u,128,199,186
0377u,1,158,186
0378u,1,128,158
0379u,1,105,133
0380u,224,194,168
0381u,179,143,122
0382u,153,112,89
0383u,94,56,18
0384u,94,56,18
0385u,179,143,122
0388u,94,56,18
0389u,181,179,140
0392u,71,38,56
0393u,71,38,56
0394u,245,222,140
0395u,209,201,189
0398u,214,196,153
0399u,186,158,102
0401u,224,207,189
0404u,217,89,1
0406u,189,56,38
0410u,179,199,227
0411u,199,212,224
0412u,133,199,227
0413u,120,179,224
0414u,115,181,224
0415u,1,110,199
0416u,122,171,222
0417u,1,163,224
0418u,1,158,199
0419u,115,181,224
0421u,71,59,99
0422u,41,23,107
0424u,23,23,150
0425u,204,204,227
0426u,158,161,219
0427u,143,125,207
0428u,112,79,191
0429u,23,23,150
0430u,212,214,217
0431u,217,217,219
0432u,201,201,196
0433u,199,207,217
0434u,99,107,112
0435u,130,133,133
0436u,186,189,186
0437u,115,115,115
0438u,99,107,112
0439u,102,99,102
0440u,201,171,148
0463u,120,31,28
0473u,222,209,217
0474u,186,189,186
0475u,209,209,204
0476u,36,41,46
0477u,186,189,186
0481u,184,105,140
0482u,209,97,156
0483u,181,38,112
0484u,138,1,79
0500u,255,255,255
0501u,240,240,240
0504u,250,250,250
0510u,207,201,196
0511u,181,176,173
0512u,130,133,133
0513u,102,99,102
0514u,41,43,54
0515u,140,130,158
0521u,186,196,227
0522u,171,186,222
0523u,120,150,207
0524u,66,107,186
0525u,1,51,171
0526u,38,13,84
0527u,41,51,82
0528u,66,107,186
0529u,46,1,153
0530u,125,153,186
0531u,26,71,43
0532u,1,77,64
0533u,173,191,176
0534u,163,189,173
0535u,87,130,112
0536u,61,92,87
0537u,209,97,156
0538u,1,71,48
0539u,26,71,43
0551u,51,13,115
0552u,138,92,196
0553u,38,26,64
0560u,161,204,196
0561u,125,186,176
0562u,125,186,176
0563u,18,99,107
0567u,128,199,186
0568u,128,199,186
0570u,173,173,173
0571u,133,153,168
0572u,99,107,112
0573u,66,74,82
0574u,66,74,82
0600u,1,1,1
0601u,15,15,15
0610u,214,191,168
0631u,214,222,107
0632u,77,89,13
0633u,133,135,5
0634u,112,117,43
0635u,64,71,20
0636u,26,71,43
0637u,94,102,56
0638u,61,71,33
0646u,212,212,184
0652u,145,1,69
0653u,117,41,54
0654u,156,31,46
0655u,117,38,59
0664u,46,64,107
0665u,1,33,77
0666u,13,31,97
0667u,13,31,97
0668u,8,51,143
0669u,1,46,99
0680u,214,209,166
0681u,135,117,20
0682u,74,69,18
0701u,247,163,10
0702u,235,173,20
0703u,224,173,18
0704u,194,125,5
0705u,150,87,1
0706u,94,56,18
0707u,201,122,1
0708u,194,125,5
0709u,252,201,23
0710u,247,181,18
0711u,212,176,18
0712u,171,115,5
0713u,230,176,18
0714u,224,173,18
0715u,237,235,189
0716u,240,224,125
0717u,252,201,117
0718u,224,173,18
0719u,171,140,10
0720u,125,115,102
0721u,138,107,112
0722u,99,84,74
0723u,196,143,94
0730u,158,176,201
0732u,125,153,186
0733u,38,87,135
0750u,250,168,120
0751u,250,156,110
0752u,250,128,61
0754u,245,102,1
0755u,242,79,1
0756u,245,102,1
0758u,242,79,1
0760u,199,5,64
0763u,140,92,122
0764u,112,64,94
0765u,77,38,59
0770u,201,181,130
0771u,240,224,125
0772u,237,217,89
0773u,230,176,18
0774u,99,84,18
0775u,84,64,31
0776u,237,217,89
0800u,212,46,18
0801u,186,18,43
0810u,237,189,168
0811u,163,102,107
0812u,145,1,69
0813u,138,1,77
0814u,166,15,56
0819u,166,214,201
0820u,186,232,217
0821u,161,204,196
0822u,1,77,64
0823u,1,105,115
0831u,145,1,69
0832u,245,143,199
0833u,230,23,148
0834u,122,31,94
0835u,171,3,92
0837u,224,79,102
0840u,168,230,214
0841u,1,176,153
0842u,1,130,107
0843u,1,125,105
0844u,1,176,153
0845u,20,77,41
0850u,255,194,163
0851u,232,140,153
0852u,189,56,38
0853u,156,31,46
0854u,156,31,46
0855u,176,28,46
0890u,176,166,186
0891u,173,171,166
0892u,1,156,163
0893u,158,156,112
0894u,74,69,18
0895u,33,33,26
0896u,1,171,201
0897u,181,222,227
0898u,125,209,184
0899u,1,130,107
0900u,1,125,112
0901u,1,105,87
0902u,1,97,99
0903u,171,222,189
0904u,135,222,209
0905u,1,115,107
0906u,1,84,77
0907u,1,59,69
0908u,1,69,87
0910u,1,156,130
0911u,1,176,153
0918u,196,209,196
0919u,148,153,110
0920u,176,181,140
0921u,112,120,69
0922u,61,71,33
0923u,23,56,51
Gold3u,252,214,71
Gold5u,247,219,23
Gold6u,250,224,115
Gold9u,247,212,23
M-11u,173,115,196
M-25u,214,209,166
M-26u,212,214,217
M-27u,1,120,84
M-36u,1,140,204
M-37u,1,64,122
M-42u,250,156,110
M-45u,212,46,18
M-50u,181,38,112
M-56u,212,125,23
V-40u,199,217,230
V-60u,148,181,224
V-62u,184,120,191
V-63u,107,23,59
V-65u,224,79,102
V-71u,97,191,26
V-76u,1,140,204
V-86u,156,31,46
V-89u,133,135,5
V-91u,247,181,18
V-95u,150,87,1
V-96u,247,219,23
V-97u,212,46,18
V-98u,1,115,54
0003c,242,220,64
0005c,248,223,48
0012c,254,181,10
0013c,230,213,89
0014c,238,202,79
0016c,199,150,35
0017c,185,134,66
0020c,170,166,17
0022c,243,242,224
0025c,199,186,116
0026c,247,245,240
0027c,204,187,134
0031c,173,94,22
0101c,247,242,225
0104c,255,255,166
0105c,241,233,124
0109c,255,168,6
0120c,251,169,0
0122c,255,141,15
0129c,131,129,27
0131c,220,162,52
0132c,226,152,14
0134c,238,200,68
0135c,244,204,45
0136c,234,222,72
0137c,243,227,197
0138c,186,155,50
0141c,188,105,22
0150c,241,233,169
0203c,251,227,217
0205c,251,198,183
0206c,247,156,117
0208c,255,96,0
0209c,241,12,46
0212c,255,200,191
0215c,249,74,0
0218c,249,216,193
0219c,197,90,39
0220c,239,120,12
0221c,253,203,200
0222c,255,156,47
0225c,223,188,140
0227c,254,109,109
0231c,139,37,39
0242c,247,210,183
0245c,219,164,108
0250c,155,83,30
0252c,241,211,190
0260c,252,96,20
0262c,227,117,51
0265c,194,84,56
0271c,169,79,73
0300c,245,31,31
0303c,223,13,29
0306c,255,164,164
0307c,217,0,75
0311c,192,56,70
0316c,244,217,228
0317c,227,98,117
0318c,190,221,172
0319c,200,72,75
0322c,190,69,112
0323c,216,10,15
0326c,162,89,95
0327c,255,79,97
0329c,167,84,99
0330c,172,34,83
0331c,247,87,143
0335c,255,174,194
0337c,214,112,139
0338c,143,54,81
0339c,228,107,138
0343c,233,46,83
0344c,128,128,128
0345c,190,27,43
0346c,88,37,62
0347c,183,23,64
0349c,148,31,43
0350c,141,44,61
0355c,254,235,235
0358c,255,121,135
0361c,250,3,65
0363c,189,21,47
0364c,255,185,185
0365c,255,132,125
0367c,254,115,80
0372c,235,52,56
0373c,255,34,89
0377c,223,11,85
0380c,108,48,47
0383c,244,0,91
0406c,183,134,135
0410c,192,200,140
0412c,137,109,92
0414c,98,78,57
0416c,186,126,73
0418c,112,63,33
0419c,189,158,94
0420c,218,193,143
0421c,205,192,163
0423c,247,244,232
0426c,218,204,184
0427c,174,175,146
0430c,245,253,193
0432c,219,191,149
0441c,89,54,49
0442c,222,211,211
0443c,83,54,43
0445c,175,153,150
0446c,160,159,103
0449c,218,205,175
0450c,196,157,132
0457c,219,200,164
0460c,120,86,48
0461c,131,83,48
0462c,56,30,18
0463c,75,54,50
0466c,92,33,33
0467c,82,37,40
0471c,248,220,220
0473c,242,236,225
0474c,222,200,184
0477c,194,135,54
0481c,85,49,34
0484c,188,156,109
0486c,191,147,98
0487c,137,105,58
0488c,65,84,29
0489c,255,255,196
0503c,216,226,199
0505c,111,168,114
0510c,4,85,38
0512c,56,105,39
0519c,12,171,39
0520c,40,73,33
0521c,189,236,223
0523c,96,206,159
0524c,29,186,154
0525c,145,227,197
0528c,9,179,115
0529c,0,191,149
0530c,11,130,82
0536c,119,176,139
0538c,39,101,66
0540c,234,242,198
0542c,192,219,166
0543c,184,222,197
0551c,101,201,136
0552c,134,173,95
0555c,0,128,54
0557c,36,187,63
0558c,18,152,52
0560c,162,240,55
0563c,49,65,24
0564c,187,192,152
0569c,75,194,126
0570c,88,155,66
0573c,48,119,30
0574c,65,171,113
0580c,0,140,63
0582c,48,129,90
0585c,165,171,52
0586c,78,123,62
0589c,105,126,18
0590c,20,54,34
0598c,6,181,50
0601c,30,54,68
0602c,157,162,191
0603c,114,137,182
0605c,57,74,140
0610c,218,254,253
0611c,211,226,228
0613c,0,158,191
0614c,138,199,219
0615c,6,142,208
0616c,99,160,190
0621c,87,122,174
0623c,60,136,126
0624c,17,128,114
0625c,16,109,96
0626c,26,45,119
0629c,38,58,130
0630c,49,113,134
0631c,29,53,139
0634c,190,207,220
0635c,197,209,228
0636c,141,159,188
0638c,198,223,236
0639c,152,179,222
0642c,27,79,165
0643c,34,57,113
0645c,32,61,128
0646c,40,40,85
0647c,214,222,237
0649c,113,155,187
0651c,165,187,211
0652c,77,114,183
0653c,98,122,151
0655c,50,87,148
0658c,135,169,209
0659c,62,115,193
0661c,74,104,159
0662c,102,119,159
0665c,55,64,96
0667c,85,188,206
0669c,116,154,167
0670c,58,116,107
0672c,40,107,147
0673c,45,51,72
0674c,36,64,39
0675c,13,33,104
0677c,211,206,217
0678c,36,46,83
0680c,68,108,149
0682c,65,87,146
0684c,123,204,210
0689c,45,81,121
0700c,40,40,60
0701c,23,32,74
0702c,48,50,69
0703c,35,37,58
0801c,28,39,119
0804c,255,206,238
0805c,240,162,249
0807c,236,192,245
0817c,95,37,103
0818c,107,58,102
0822c,201,170,242
0824c,167,85,221
0826c,150,78,173
0827c,111,48,143
0842c,188,192,226
0843c,176,188,219
0845c,202,193,238
0847c,88,96,184
0851c,163,134,215
0852c,68,36,111
0853c,202,106,169
0856c,108,126,198
0862c,92,21,157
0863c,129,69,209
0900c,14,14,16
0902c,196,204,208
0903c,165,182,192
0904c,117,141,155
0909c,130,157,179
0910c,207,209,216
0916c,157,170,165
0917c,175,194,209
0918c,136,150,166
0919c,151,166,174
0924c,120,143,171
0925c,72,97,22
0928c,128,140,115
0930c,215,222,207
0931c,190,190,186
0935c,57,51,49
0939c,211,218,218
0940c,69,81,99
0941c,171,194,163
0942c,193,199,208
0943c,51,57,68
0945c,87,103,117
0946c,235,230,238
0947c,223,218,233
0951c,148,152,177
0952c,125,126,151
0967c,112,131,130
0968c,139,162,188
1015c,57,91,155
1016c,247,40,46
1020c,91,66,166
1022c,46,56,133
1026c,128,128,128
1028c,255,140,143
1033c,187,121,49
1036c,33,67,92
1037c,254,154,129
1039c,27,64,67
1042c,53,71,102
1047c,202,0,101
1062c,227,214,134
1066c,243,37,37
1068c,16,163,188
1071c,197,194,194
1072c,173,148,71
1073c,168,116,94
1076c,135,48,79
1078c,0,157,122
1079c,2,164,143
1080c,217,188,72
1081c,0,168,142
1082c,164,21,100
1084c,56,15,94
1087c,230,151,153
1088c,104,185,155
1089c,177,10,35
1090c,55,34,98
1098c,28,54,117
1178c,128,128,128
1190c,225,255,159
1195c,222,228,91
1197c,200,255,78
1198c,213,231,44
1199c,210,228,67
1220c,232,255,69
1222c,232,195,50
1233c,232,202,112
1234c,236,236,44
1235c,237,215,144
1236c,241,215,102
1237c,245,220,1
1239c,239,231,1
1240c,227,218,1
1261c,245,193,1
1265c,230,168,45
1269c,231,185,34
1270c,233,157,15
1271c,230,157,1
1273c,239,161,1
1282c,230,176,1
1284c,235,187,1
1286c,241,190,1
1290c,255,212,1
1293c,255,188,1
1328c,237,188,134
1339c,237,220,179
1345c,234,210,178
1360c,240,216,151
1371c,222,192,124
1391c,53,94,67
1394c,242,191,132
1413c,205,153,51
1415c,189,139,33
1418c,200,134,41
1423c,230,183,70
1431c,204,151,1
1432c,232,160,47
1435c,198,160,31
1439c,180,163,1
1464c,175,146,47
1719c,238,242,255
2120c,244,132,106
2129c,255,71,92
2140c,217,181,150
2146c,255,141,64
2153c,250,221,207
2158c,240,162,146
2159c,235,183,153
2160c,238,210,191
2224c,197,36,32
2225c,225,66,37
2244c,218,81,40
2245c,212,53,18
2246c,220,92,76
2252c,255,65,72
2256c,209,85,85
2275c,207,63,77
2285c,150,78,47
2291c,214,60,90
2292c,160,101,46
2298c,156,94,63
2299c,253,51,99
2310c,193,116,68
2316c,188,138,97
2328c,175,132,97
2330c,136,86,60
2351c,144,104,76
2358c,181,127,51
2367c,168,140,82
2375c,171,105,28
2428c,250,113,17
2431c,226,79,1
2450c,255,72,32
2452c,220,92,58
2458c,217,88,44
2463c,202,90,41
2464c,214,105,58
2470c,232,145,1
2488c,232,158,81
2494c,255,107,32
2704c,234,241,243
2707c,229,235,236
3105c,239,145,168
3114c,255,123,165
3135c,242,176,203
3137c,241,168,173
3146c,242,183,171
3154c,219,172,164
3160c,235,153,181
3163c,214,111,142
3164c,208,163,172
3167c,235,187,207
3168c,238,148,193
3170c,239,216,221
3174c,244,187,212
3178c,243,199,229
3319c,135,99,109
3364c,171,87,116
3375c,131,35,68
3377c,134,31,71
3432c,239,79,127
3435c,222,75,113
3439c,193,67,92
3440c,255,37,105
3456c,194,30,84
3483c,185,1,74
3487c,208,1,95
3488c,213,39,93
3610c,157,45,127
3632c,196,1,105
3645c,203,39,118
3650c,226,105,157
3654c,255,111,163
3660c,213,72,141
3670c,204,59,134
3671c,217,82,150
3672c,210,88,157
3674c,197,87,157
3684c,120,44,128
3690c,183,1,108
3698c,166,45,111
3796c,144,1,48
3831c,159,1,32
3845c,170,1,41
3869c,211,70,78
3872c,193,26,51
3884c,186,1,36
3891c,175,1,41
3898c,180,1,40
3928c,171,1,38
3949c,95,31,40
3951c,101,31,55
3955c,103,28,64
3960c,127,6,45
3976c,111,30,50
3979c,122,45,55
3989c,133,22,57
3992c,150,32,46
4117c,156,151,214
4143c,136,126,160
4144c,169,162,210
4155c,208,193,218
4306c,82,52,143
4315c,103,75,157
4322c,129,68,174
4326c,105,92,180
4341c,171,144,187
4347c,157,89,163
4355c,150,92,175
4357c,197,170,210
4367c,126,28,111
4369c,129,49,142
4370c,99,1,110
4374c,121,57,130
4398c,233,182,223
4399c,238,167,209
4640c,44,55,135
4646c,61,39,133
4651c,74,39,143
4653c,47,66,145
4654c,87,33,139
4686c,126,125,200
4687c,126,146,194
4688c,103,109,184
4910c,87,52,72
4916c,99,52,89
4918c,101,62,104
4942c,66,50,84
4955c,91,34,121
4972c,46,42,89
5037c,140,197,88
5126c,1,86,62
5129c,1,121,68
5148c,1,115,105
5151c,95,202,155
5163c,154,226,203
5170c,1,127,110
5185c,31,125,108
5193c,1,96,86
5206c,1,140,137
5209c,29,77,67
5219c,1,96,62
5226c,1,102,74
5231c,1,123,83
5232c,1,78,52
5235c,4,87,65
5236c,1,97,57
5237c,1,88,51
5238c,47,90,57
5241c,1,139,83
5242c,52,167,120
5245c,132,204,155
5248c,29,146,73
5249c,168,207,186
5250c,1,135,81
5251c,171,208,179
5281c,1,141,112
5310c,119,110,36
5316c,127,125,61
5318c,172,188,78
5320c,183,206,1
5343c,100,128,57
5348c,102,125,45
5351c,158,174,132
5359c,166,183,47
5364c,168,203,100
5365c,128,128,128
5372c,181,226,123
5373c,123,186,27
5374c,150,153,83
5377c,124,172,104
5382c,116,217,74
5384c,116,187,61
5387c,65,116,53
5391c,76,166,100
5395c,82,174,95
5526c,76,100,77
5542c,135,142,123
5751c,79,73,43
5752c,59,67,45
5757c,71,74,51
5764c,89,97,44
5771c,94,76,37
5772c,117,105,44
5773c,100,96,44
5917c,78,64,45
5929c,39,64,68
5939c,57,66,54
5962c,47,71,51
5989c,57,91,79
5992c,44,72,56
6109c,61,163,172
6124c,139,205,212
6136c,21,157,168
6153c,146,205,204
6155c,170,226,214
6160c,85,180,165
6317c,82,137,187
6323c,65,171,196
6325c,153,197,226
6327c,66,168,199
6335c,120,192,217
6350c,36,148,185
6360c,88,176,215
6362c,49,153,186
6365c,114,190,231
6380c,172,199,208
6383c,125,196,217
6399c,99,140,151
6612c,31,79,83
6628c,64,125,134
6661c,133,203,177
6663c,1,117,134
6665c,1,117,130
6666c,1,120,155
6698c,1,127,147
6910c,50,114,150
6938c,81,161,208
6940c,1,96,161
6947c,62,163,215
6972c,1,92,129
6975c,34,84,117
6977c,23,123,184
6981c,1,113,149
6984c,48,73,107
6998c,74,109,136
6999c,1,135,172
7224c,167,186,211
7235c,155,163,200
7263c,179,195,234
7267c,153,182,223
7323c,41,46,125
7348c,103,122,176
7387c,67,76,155
7390c,36,87,150
7400c,34,71,145
7401c,42,58,130
7402c,35,84,173
7403c,78,118,196
7404c,102,119,160
7405c,42,75,161
7406c,130,168,224
7407c,165,187,229
7408c,174,198,229
7409c,30,87,166
7410c,56,102,180
7411c,137,156,184
7412c,179,201,236
7413c,55,80,168
7414c,158,182,226
7415c,33,53,124
7416c,137,160,207
7422c,54,55,106
7439c,40,54,97
7440c,42,51,89
7442c,42,50,94
7444c,21,67,127
7484c,67,111,173
7491c,59,109,164
7520c,50,50,75
7526c,77,90,126
7536c,91,123,156
7578c,40,62,95
7877c,42,59,92
7878c,49,59,83
7896c,45,55,83
7897c,36,39,57
7898c,45,50,73
7899c,57,44,60
7905c,77,80,114
7926c,56,59,87
7972c,41,46,82
7983c,43,46,65
8105c,199,186,172
8129c,236,224,209
8134c,216,206,184
8141c,195,186,172
8143c,231,233,215
8146c,230,218,201
8175c,208,201,175
8180c,216,210,184
8183c,228,225,214
8257c,234,231,216
8309c,168,165,104
8314c,176,156,110
8350c,223,197,168
8365c,210,186,156
8367c,185,160,123
8371c,160,156,144
8373c,147,139,124
8376c,164,138,123
8378c,162,139,141
8393c,161,139,118
8394c,145,136,86
8619c,124,98,89
8621c,144,124,105
8651c,102,82,71
8653c,80,64,66
8710c,174,67,48
8715c,109,55,45
8723c,124,82,84
8724c,116,83,70
8725c,145,61,62
8740c,162,98,96
8759c,115,66,49
8768c,123,73,46
8780c,106,66,43
8792c,83,51,48
8915c,79,44,34
8921c,60,51,52
8932c,63,53,57
8935c,75,48,50
8974c,165,125,59
8977c,220,190,155
9119c,190,196,207
9120c,183,188,192
9123c,201,204,205
9126c,152,154,157
9130c,212,207,214
9143c,178,181,192
9148c,158,159,167
9160c,176,181,190
9162c,159,169,172
9163c,204,201,199
9169c,204,218,228
9172c,209,226,233
9180c,196,194,194
9182c,160,154,154
9190c,194,197,193
9342c,125,115,116
9344c,193,184,186
9355c,165,172,188
9365c,161,162,159
9369c,171,179,194
9379c,151,149,150
9509c,120,125,144
9532c,139,134,145
9558c,80,75,78
9595c,103,104,110
9596c,125,126,120
9608c,119,116,118
9632c,140,133,137
9636c,83,79,82
9901c,63,66,76
9912c,59,61,68
9914c,42,46,51
9946c,78,85,99
9953c,39,41,44
SPCc,20,20,20
1SLD,191,186,181
ACC,56,43,38
ACG,1,92,84
ALP,28,69,56
AM,135,33,46
APG,247,209,23
ARm,20,20,20
ATG,247,209,23
ATL,26,117,207
AZ,15,48,99
B1182,237,233,127
BB,15,48,99
BCY,28,69,56
BHR,26,117,207
BIR,189,56,38
BK,135,33,46
BLK,18,28,38
BMB,1,150,69
BNTO,189,56,38
BO,15,48,99
BON,191,186,181
BR,163,61,5
BRB,135,33,46
BRD,135,33,46
BT,230,222,145
BU,26,117,207
BY,15,48,99
CA,163,61,5
CAC,1,150,69
CBm,20,20,20
CBN,189,56,38
CC,18,28,38
CCH,18,28,38
CCM,56,43,38
CDR,191,18,56
CE,135,33,46
CG,135,33,46
CHM,56,43,38
CHP,191,18,56
CHT,191,18,56
CIN,189,56,38
CIT,230,222,145
CL,230,222,145
CLO,163,61,5
CLP,43,13,97
CLY,230,222,145
CM,230,222,145
CNm,20,20,20
CNY,20,20,20
CO,20,20,20
CPm,20,20,20
CPN,20,20,20
CPT,20,20,20
CR,20,20,20
CRN,20,20,20
CST,20,20,20
CTN,20,20,20
CY,20,20,20
DAL,20,20,20
DAY,20,20,20
DB,20,20,20
DCC,20,20,20
DCD,20,20,20
DCN,20,20,20
DCP,20,20,20
DCY,20,20,20
DDS,20,20,20
DDW,20,20,20
DES,20,20,20
DGL,20,20,20
DGNm,20,20,20
DGP,20,20,20
DHY,20,20,20
DM,20,20,20
DN,15,48,99
DOC,20,20,20
DOGR,20,20,20
DPI,189,56,38
DPO,20,20,20
DPS,20,20,20
DSA,20,20,20
DSB,20,20,20
DSK,20,20,20
DSM,20,20,20
DSm,20,20,20
DSS,20,20,20
DT,20,20,20
DTm,20,20,20
DTP,20,20,20
DW,20,20,20
DWI,20,20,20
DWS,20,20,20
EC,20,20,20
EGG,20,20,20
EM,20,20,20
EP,20,20,20
EV,20,20,20
FB,20,20,20
FDG,20,20,20
FMG,20,20,20
FO,20,20,20
FOm,1,92,54
FR,20,20,20
FWG,20,20,20
FXR,20,20,20
GBR,20,20,20
GDG,20,20,20
GDT,20,20,20
GF,20,20,20
GH,20,20,20
GLm,20,20,20
GLS,20,20,20
GN,20,20,20
GP,20,20,20
GT,1,92,84
HB,20,20,20
HIR,20,20,20
HLG,20,20,20
HN,20,20,20
HVO,20,20,20
HY,20,20,20
IK,20,20,20
Im,20,20,20
IMBL,20,20,20
INm,20,20,20
IRIS,20,20,20
ISm,20,20,20
IV,20,20,20
KE,20,20,20
KG,20,20,20
KH,20,20,20
LAY,20,20,20
LB,20,20,20
LCC,191,186,181
LCP,191,18,56
LDS,20,20,20
LDU,20,20,20
LFO,20,20,20
LGL,20,20,20
LHN,20,20,20
LI,20,20,20
LIL,20,20,20
LIP,20,20,20
LKH,20,20,20
LMN,20,20,20
LMNT,20,20,20
LOC,20,20,20
LOV,20,20,20
LPI,20,20,20
LPM,20,20,20
LPN,20,20,20
LPS,20,20,20
LTB,20,20,20
LTM,20,20,20
LTm,20,20,20
LTP,20,20,20
LWI,20,20,20
LWS,20,20,20
NA,20,20,20
NC,20,20,20
NCG,20,20,20
OC,20,20,20
OG,20,20,20
OGRD,20,20,20
ORBL,20,20,20
OV,20,20,20
OWG,20,20,20
OY,191,186,181
PAL,20,20,20
PAN,20,20,20
PAP,20,20,20
PC,20,20,20
PEN,20,20,20
PEP,20,20,20
PEW,20,20,20
PLT,20,20,20
PNS,20,20,20
PRL,20,20,20
PRT,20,20,20
PS,20,20,20
PSN,20,20,20
PTL,20,20,20
PTN,20,20,20
PY,20,20,20
RB,20,20,20
RD,20,20,20
RDm,20,20,20
RDW,20,20,20
RG,20,20,20
RNm,20,20,20
RR,20,20,20
RSH,20,20,20
RV,20,20,20
RY,20,20,20
SA,20,20,20
SAL,20,20,20
SB,20,20,20
SBL,20,20,20
SCR,20,20,20
SCT,20,20,20
SD,20,20,20
SF,20,20,20
SFRG,20,20,20
SG,20,20,20
SGN,20,20,20
SH,230,222,145
SHG,20,20,20
SI,20,20,20
SKB,20,20,20
SLA,20,20,20
SLm,20,20,20
SM,20,20,20
SMT,20,20,20
SNG,20,20,20
SPCR,20,20,20
SRG,20,20,20
SRN,20,20,20
ST,20,20,20
STA,20,20,20
STL,20,20,20
STR,20,20,20
SUG,20,20,20
SUM,20,20,20
SUN,20,20,20
TB,20,20,20
TDN,15,48,99
TGYm,20,20,20
Tm,20,20,20
TNO,20,20,20
TRG,20,20,20
TZ,20,20,20
UARD,20,20,20
UBTO,20,20,20
UFBL,20,20,20
UGA,20,20,20
UGLB,20,20,20
UIRD,20,20,20
UNBB,20,20,20
UNBL,20,20,20
UNGD,20,20,20
UNHY,20,20,20
UNRD,20,20,20
UNSL,20,20,20
UNVG,20,20,20
UTMB,20,20,20
UWP,20,20,20
VN,20,20,20
VY,20,20,20
WBU,20,20,20
WE,20,20,20
WF4P,20,20,20
WFRG,20,20,20
WH,255,255,255
WHS,20,20,20
WI,20,20,20
WIS,20,20,20
WLB,20,20,20
WMGD,20,20,20
WS,20,20,20
WSB,20,20,20
WSK,20,20,20
WTR,20,20,20
XOR,20,20,20
YBG,20,20,20
YDW,20,20,20
Zm,20,20,20
1001s,244,247,229
1002s,241,240,235
1005s,0,0,0
1011s,182,183,168
1015s,252,186,167
1016s,253,156,132
1019s,247,175,145
1020s,249,109,89
1021s,222,87,48
1022s,255,253,213
1023s,249,200,6
1024s,255,191,0
1025s,238,163,23
1028s,168,187,217
1029s,120,167,218
1030s,185,193,225
1031s,241,182,231
1032s,168,87,168
1033s,197,101,187
1034s,191,60,80
1035s,112,29,31
1036s,106,17,13
1037s,236,45,45
1039s,245,10,51
1040s,132,139,116
1041s,121,134,133
1042s,28,34,94
1043s,10,14,52
1044s,28,35,66
1045s,183,236,205
1046s,104,198,153
1047s,181,211,150
1049s,126,187,89
1051s,16,133,31
1054s,229,194,169
1055s,216,173,86
1056s,176,121,38
1057s,141,74,41
1058s,112,58,35
1059s,48,29,16
1061s,248,235,165
1062m,141,134,122
1063s,251,254,237
1064s,252,201,180
1065s,251,138,36
1066s,250,226,131
1067s,239,227,88
1068s,255,227,217
1070s,239,215,116
1071s,255,248,232
1074s,220,237,241
1076s,57,120,183
1077s,238,255,236
1078s,251,79,4
1079s,9,155,71
1080s,235,154,241
1081s,203,90,78
1082s,228,213,175
1083s,254,211,67
1085s,219,210,196
1086s,240,240,239
1090s,56,158,153
1094s,19,201,210
1095s,39,216,207
1096s,20,118,139
1100s,191,225,140
1101s,43,162,46
1103s,40,74,36
1104s,221,224,150
1108s,248,163,175
1109s,252,65,135
1111s,255,202,203
1112s,48,0,91
1113s,254,199,180
1115s,243,180,180
1117s,252,186,186
1119s,199,109,112
1120s,253,221,213
1121s,250,180,183
1122s,140,68,168
1124s,252,202,3
1126s,194,119,16
1127s,222,207,177
1128s,179,139,85
1129s,91,51,34
1130s,70,47,32
1131s,43,35,23
1134s,92,154,190
1135s,248,228,97
1137s,247,179,36
1143s,69,99,135
1145s,184,220,231
1147s,225,0,0
1148s,255,176,176
1149s,206,179,138
1151s,236,255,254
1154s,250,133,126
1156s,174,169,57
1158s,187,86,26
1159s,234,181,21
1162s,2,81,79
1165s,214,226,235
1166s,95,95,95
1167s,247,210,64
1168s,252,97,3
1169s,163,33,36
1170s,107,65,37
1171s,40,69,79
1172s,90,120,141
1173s,147,135,49
1174s,33,83,28
1175s,51,92,14
1176s,102,138,26
1177s,172,187,68
1179s,142,119,74
1180s,167,152,129
1181c,231,239,112
1181s,183,37,30
1182s,16,19,50
1183c,224,233,128
1183s,37,22,22
1184s,250,54,5
1185s,252,196,3
1186s,88,43,29
1187s,253,234,2
1188s,255,79,83
1189s,62,23,48
1190s,188,73,77
1191s,205,7,101
1192s,193,30,120
1193s,211,180,206
1194s,173,133,194
1195s,73,16,120
1196s,80,140,190
1197s,22,23,78
1198s,67,100,150
1199s,21,28,68
1200s,12,19,67
1201s,147,190,210
1202s,0,75,121
1203s,196,215,217
1204s,182,224,216
1205s,152,192,173
1206s,56,120,114
1207s,180,211,169
1208s,5,107,58
1209s,223,225,169
1210s,83,81,45
1211s,129,130,87
1212s,153,158,120
1213s,207,180,183
1214s,104,47,62
1215s,54,29,29
1216s,184,99,99
1217s,143,80,80
1218s,215,204,196
1219s,127,127,127
1220s,79,79,79
1222s,185,211,221
1223s,226,250,252
1224s,255,157,187
1225s,249,188,185
1226s,103,94,189
1227s,182,160,12
1228s,155,144,96
1229s,191,190,155
1230s,13,125,103
1231s,240,15,100
1232s,33,81,32
1233s,49,89,89
1234s,31,31,31
1235s,64,12,126
1236s,206,203,189
1237s,187,91,74
1238c,253,251,1
1238s,245,160,75
1239s,236,130,79
1240s,63,63,63
1241s,56,56,56
1242s,88,82,169
1243s,210,191,53
1244s,196,171,30
1245s,172,152,11
1246s,251,29,4
1247s,90,50,39
1248s,187,227,236
1249s,157,205,215
1250s,56,146,150
1251s,70,165,185
1252s,16,169,186
1253s,66,109,213
1254s,213,183,236
1255s,173,30,204
1256s,255,136,172
1257s,243,64,44
1258s,249,201,153
1259s,241,151,120
1260s,201,190,54
1261s,254,226,29
1262s,196,162,45
1263s,172,34,37
1264s,95,43,33
1265s,141,120,56
1266s,136,115,66
1267s,99,61,50
1268s,128,128,128
1269s,183,163,115
1270s,184,179,143
1271s,49,58,31
1272s,74,81,53
1273s,45,53,26
1274s,146,204,38
1275s,222,255,221
1276s,170,190,58
1277s,75,168,36
1278s,10,184,36
1279s,169,245,150
1280s,91,215,119
1281s,2,136,83
1282s,128,128,128
1283s,79,103,132
1284s,78,128,152
1285s,36,111,94
1286s,78,119,77
1287s,101,141,95
1288s,103,214,158
1289s,219,230,238
1290s,46,136,209
1291s,106,129,153
1292s,165,199,241
1293s,32,49,132
1294s,67,81,103
1295s,146,152,175
1296s,193,171,239
1297s,140,94,157
1298s,84,66,100
1299s,72,43,108
1300s,107,33,85
1301s,38,18,71
1302s,88,57,130
1303s,255,123,108
1304s,184,128,118
1305s,147,189,175
1306s,107,123,133
1307s,242,57,85
1308s,182,24,64
1309s,120,29,52
1310s,199,41,85
1311s,189,36,48
1312s,100,21,23
1313s,253,158,64
1314s,248,68,7
1315s,250,79,5
1317s,241,65,46
1319s,240,23,23
1320s,176,115,60
1321s,192,189,169
1322s,181,205,10
1323s,50,30,20
1324s,56,33,24
1325s,239,239,239
1326s,223,223,223
1327s,207,207,207
1328s,175,175,175
1329s,162,163,156
1330s,114,114,114
1331s,236,254,211
1332s,128,128,128
1333s,238,197,32
1334s,206,174,49
1503s,12,190,115
1508s,193,182,156
1510s,167,237,61
1511s,253,53,88
1513s,4,151,121
1517s,36,104,64
1533s,221,2,63
1534s,29,143,205
1535s,60,79,157
1536s,36,72,61
3000,177,168,101
5000,167,167,167
502s,251,216,77
505s,27,31,63
508s,235,213,190
520s,234,220,200
521s,211,129,67
523s,221,134,2
524s,7,9,44
525s,82,122,91
526s,45,73,172
534s,109,29,35
535s,108,58,51
538s,30,79,61
561s,201,22,22
562s,253,181,100
567s,243,179,27
568s,199,113,35
569s,45,146,33
571s,2,168,122
572s,29,29,146
580s,109,180,128
610s,237,235,228
614s,152,83,50
619s,244,180,136
621s,219,71,21
622s,231,203,109
630s,124,130,57
640s,87,189,138
643s,22,45,69
7005s,128,128,128
7008s,128,128,128
7009s,143,143,140
8068W,243,64,44
8103W,188,73,77
8120W,240,15,100
8230W,189,36,48
8267W,120,29,52
8323W,197,101,187
8335W,173,30,204
8375W,140,94,157
8377W,173,133,194
8406W,103,94,189
8427W,248,228,97
8429W,239,215,116
8524W,250,79,5
8731W,147,189,175
8806W,20,118,139
8811W,2,81,79
8824W,33,81,32
8835W,5,107,58
8841W,236,255,254
8863W,152,192,173
8894W,0,75,121
8920W,92,154,190
8931W,219,230,238
8949W,157,205,215
8963W,106,129,153
8994W,32,49,132
9018W,185,193,225
9024W,79,103,132
9032W,67,81,103
9035W,40,69,79
9134W,182,183,168
9138W,175,175,175
9151W,223,223,223
9153W,207,207,207
9176W,127,127,127
9193W,141,134,122
9201W,162,163,156
9213W,90,120,141
9226W,95,95,95
9232W,56,56,56
9243W,107,123,133
9279W,215,204,196
9382W,183,163,115
9396W,167,152,129
9416W,141,120,56
9494W,88,43,29
9646W,79,79,79
9999,128,128,128
9999s,236,233,216
GLD30,125,125,125
mETsILV01 Fs,128,128,128
S1055s,242,211,152
3625m,171,121,43
3642m,59,84,103
3643m,44,48,58
3645m,137,171,153
3646m,175,200,189
3652m,71,102,94
3660m,190,171,156
3686m,202,199,196
3697m,120,191,183
3698m,25,96,80
3699m,56,75,64
3707m,231,157,179
3709m,208,116,160
3711m,202,178,192
3715m,232,201,204
3716m,162,107,117
3717m,72,45,54
3723m,229,198,150
3724m,246,186,89
3735m,152,145,141
3736m,122,106,94
3737m,92,84,75
3752m,240,122,118
3755m,238,162,115
3756m,192,115,65
3781m,140,31,50
3783m,146,55,91
3785m,1,101,95
3791m,159,119,61
3800m,190,36,42
3802m,176,30,45
3803m,205,86,62
3804m,171,54,43
3805m,123,47,48
3808m,133,76,53
3810m,1,85,139
3811m,43,55,82
3820m,32,54,51
3821m,20,68,51
3822m,65,77,56
3823m,1,124,102
3825m,1,108,82
3826m,30,153,79
3827m,1,121,63
3829m,175,84,102
3830m,53,45,45
3831m,77,59,49
3832m,98,77,61
3833m,118,83,122
3834m,123,65,107
3837m,86,96,100
3838m,67,78,84
3839m,161,162,121
3840m,175,133,96
3841m,178,149,125
3842m,209,176,147
3843m,118,77,66
3844m,171,121,104
3845m,209,191,170
3846m,73,149,181
3848m,87,51,51
3850m,255,169,61
3852m,239,99,34
3853m,249,198,63
3854m,229,215,117
3855m,187,117,43
3858m,147,146,155
3860m,236,155,161
3861m,69,64,110
3863m,127,37,56
3864m,97,44,56
3871m,1,108,120
3872m,1,84,113
3873m,1,113,160
3875m,98,186,185
3876m,1,157,167
3880m,149,133,163
3881m,143,143,141
3883m,48,84,120
3884m,88,133,159
3887m,136,102,79
3888m,227,197,173
3889m,143,93,53
3890m,231,223,203
3891m,237,231,228
3892m,41,43,44
3893m,149,198,153
3897m,118,56,65
3898m,129,127,98
3899m,209,202,166
3900m,163,52,112
3903m,102,94,58
3904m,135,150,134
3905m,161,153,124
3906m,84,79,56
3908m,109,166,50
3909m,133,169,188
3910m,147,184,197
3911m,162,181,198
3912m,243,203,114
3915m,1,128,156
3916m,53,56,49
3919m,236,184,189
3923m,199,177,156
3931m,126,154,102
3935m,178,106,155
3940m,84,130,77
3941m,67,115,78
3942m,132,142,187
3943m,95,97,142
3944m,156,171,193
3945m,102,121,157
3946m,56,78,118
3964m,227,213,153
3977m,68,48,77
3980m,169,148,58
3989m,203,47,81
3990m,141,39,70
3996m,29,167,149
3997m,29,167,149
1823m,249,255,1
1824m,255,221,1
1825m,249,178,1
1826m,255,198,124
1837m,255,62,38
1850m,92,202,75
1867m,228,255,130
1883m,255,249,1
1901m,96,171,39
1907m,255,61,103
1908m,255,67,104
1909m,255,103,144
1910m,214,36,94
1923m,255,187,84
1925m,255,216,43
1935m,232,255,1
1937m,255,171,1
1940mf,255,255,255
1946m,255,97,21
1947m,255,73,67
1950m,118,214,56
1954m,255,73,81
1972m,255,187,1
1978m,255,132,66
1995m,255,255,1
0000m,200,200,200
1610m,183,195,197
1611m,158,169,177
1612m,151,166,180
1613m,147,158,158
1614m,99,103,103
1615m,112,118,118
1616m,225,114,116
1617m,90,86,96
1618m,113,115,126
1619m,99,101,108
1620m,252,140,151
1621m,196,86,45
1622m,238,223,188
1623m,245,225,84
1624m,244,167,49
1625m,195,127,41
1626m,248,197,120
1627m,121,117,139
1628m,126,168,192
1629m,194,199,218
1630m,148,145,186
1631m,141,103,157
1632m,64,53,79
1633m,93,42,101
1634m,64,52,90
1635m,108,47,65
1637m,188,33,48
1638m,133,45,50
1639m,173,62,65
1640m,94,97,98
1641m,53,57,61
1642m,41,90,148
1643m,45,53,65
1645m,119,199,187
1647m,136,186,156
1648m,137,155,99
1649m,116,149,43
1650m,54,121,54
1651m,1,132,69
1652m,59,121,122
1653m,240,188,169
1654m,102,79,76
1656m,191,154,136
1657m,135,91,67
1658m,121,70,57
1659m,82,56,52
1660m,177,164,160
1661m,241,235,202
1662m,139,132,118
1663m,110,99,85
1664m,97,93,86
1665m,73,73,67
1666m,244,229,179
1668m,100,118,106
1669m,65,76,66
1670m,213,167,104
1671m,91,133,162
1672m,167,121,62
1673m,173,142,94
1674m,141,188,220
1675m,122,174,213
1676m,46,75,134
1677m,1,77,81
1678m,237,85,46
1680m,92,60,91
1681m,189,55,85
1682m,205,191,172
1683m,255,197,86
1684m,190,162,115
1685m,1,134,129
1686m,210,211,210
1687m,189,197,195
1689m,108,110,108
1690m,23,76,75
1692m,158,199,195
1694m,1,160,174
1695m,1,137,163
1701m,72,159,48
1702m,104,186,132
1703m,10,93,66
1704m,26,74,63
1705m,55,61,50
1706m,148,137,73
1707m,197,74,91
1709m,206,56,147
1710m,150,48,113
1711m,161,140,177
1712m,170,122,166
1713m,244,203,205
1718m,145,155,162
1719m,110,62,101
1720m,108,56,91
1721m,235,100,146
1722m,67,55,123
1723m,246,209,168
1724m,222,173,57
1725m,202,140,63
1726m,181,128,90
1727m,237,212,117
1728m,152,128,106
1729m,150,123,108
1730m,125,92,57
1731m,158,125,146
1733m,59,123,176
1734m,228,53,70
1735m,242,210,98
1736m,145,133,122
1738m,197,183,156
1739m,78,74,74
1740m,123,120,125
1741m,116,117,115
1742m,34,61,92
1743m,47,55,92
1744m,104,87,76
1745m,118,93,83
1746m,40,163,157
1747m,164,30,53
1748m,169,221,118
1749m,55,163,70
1750m,1,113,74
1751m,1,124,73
1752m,248,172,136
1753m,184,107,69
1754m,216,58,74
1755m,247,143,71
1756m,91,90,47
1757m,99,82,47
1758m,110,74,53
1759m,150,125,57
1760m,74,112,127
1761m,136,166,180
1762m,19,83,104
1763m,221,123,42
1764m,44,72,93
1765m,237,112,31
1766m,53,59,126
1767m,38,61,118
1768m,169,184,130
1769m,92,119,44
1770m,70,113,62
1771m,224,162,66
1772m,216,150,37
1773m,176,102,50
1775m,63,123,157
1776m,28,78,104
1777m,239,135,126
1778m,231,95,62
1779m,202,82,75
1780m,1,104,82
1781m,153,30,58
1782m,133,52,72
1783m,133,44,88
1784m,117,44,58
1785m,104,43,68
1786m,176,46,84
1787m,181,50,108
1788m,119,50,105
1789m,100,62,88
1790m,126,111,49
1791m,175,121,64
1792m,178,136,54
1793m,117,96,47
1794m,86,77,48
1795m,73,71,53
1796m,95,87,47
1797m,1,105,155
1798m,63,64,52
1799m,1,176,158
1800m,47,48,50
1801m,228,232,255
1802m,236,237,255
1803m,237,236,223
1804m,236,236,230
1805m,221,225,255
1809m,182,161,85
1810m,173,176,174
1811m,169,176,177
1812m,169,170,164
1815m,252,190,210
1816m,253,175,192
1817m,246,166,150
1818m,228,189,185
1819m,251,159,157
1820m,245,148,130
1821m,164,59,52
1822m,226,220,197
1823m,250,255,32
1824m,255,221,32
1825m,255,188,9
1826m,255,198,124
1827m,85,185,214
1828m,65,139,174
1829m,1,102,160
1829m,125,125,125
1830m,101,134,188
1831m,154,100,156
1832m,106,85,149
1833m,119,45,115
1834m,150,122,162
1835m,134,49,73
1836m,76,55,56
1837m,255,66,39
1838m,180,34,50
1839m,173,29,49
1840m,116,125,135
1841m,79,86,92
1842m,1,85,149
1843m,15,70,120
1844m,49,51,62
1845m,109,195,159
1846m,1,146,144
1847m,66,171,146
1848m,117,159,86
1849m,33,123,104
1850m,107,204,82
1851m,1,94,56
1852m,50,124,146
1853m,239,188,154
1854m,156,132,128
1855m,179,147,113
1856m,159,85,57
1857m,137,82,53
1858m,101,55,48
1859m,75,63,62
1860m,176,166,151
1861m,240,203,123
1862m,148,143,131
1863m,219,210,177
1866m,240,221,145
1867m,233,255,144
1868m,1,147,109
1869m,221,136,58
1870m,235,166,109
1871m,120,172,200
1872m,99,81,66
1874m,144,179,216
1878m,200,47,43
1879m,1,120,101
1880m,120,63,132
1882m,249,197,173
1883m,255,247,32
1884m,197,169,141
1885m,160,126,97
1886m,191,185,186
1887m,70,47,57
1888m,1,161,163
1890m,1,124,128
1891m,1,85,97
1892m,120,200,204
1893m,46,173,201
1895m,1,148,170
1896m,1,112,136
1898m,157,75,56
1899m,135,59,49
1900m,154,186,155
1901m,98,171,43
1902m,45,74,56
1903m,58,89,78
1904m,71,91,74
1905m,59,74,55
1906m,106,86,63
1907m,255,64,110
1908m,255,67,107
1909m,255,107,150
1910m,213,40,97
1911m,203,173,207
1915m,253,175,183
1917m,203,115,135
1918m,138,139,142
1919m,160,85,102
1920m,206,196,137
1921m,243,147,184
1922m,77,50,117
1924m,251,212,1
1925m,255,217,56
1926m,174,132,108
1927m,220,177,146
1928m,141,119,101
1929m,105,91,83
1930m,74,81,145
1931m,64,58,60
1932m,124,197,220
1933m,121,128,175
1934m,1,93,153
1935m,232,255,44
1936m,125,111,98
1937m,255,166,32
1938m,185,169,153
1939m,160,138,96
1941m,188,139,143
1942m,143,86,83
1943m,91,112,172
1944m,46,60,74
1945m,114,79,70
1946m,255,100,31
1947m,255,67,76
1948m,253,139,165
1949m,240,231,212
1950m,124,214,59
1951m,246,153,42
1952m,251,123,98
1953m,162,196,220
1954m,255,72,95
1955m,243,139,28
1956m,139,128,85
1957m,74,64,50
1958m,112,73,74
1959m,167,137,21
1960m,115,140,158
1961m,79,109,131
1962m,37,69,83
1963m,75,87,109
1964m,72,91,114
1965m,249,103,34
1966m,41,52,81
1967m,35,57,87
1968m,107,150,89
1969m,108,108,88
1970m,52,92,62
1971m,249,179,36
1972m,255,194,32
1973m,147,93,52
1974m,138,63,64
1974mp,200,200,200
1975m,40,85,120
1976m,44,54,70
1977m,1,129,175
1978m,255,139,75
1979m,1,95,67
1980m,251,193,26
1981m,135,42,57
1982m,127,37,49
1983m,78,52,67
1984m,181,41,98
1985m,1,91,79
1986m,171,34,69
1987m,228,60,34
1988m,1,140,67
1989m,1,154,103
1990m,216,95,149
1991m,1,115,121
1992m,1,95,118
1993m,215,49,92
1994m,235,77,112
1995m,255,255,32
1996m,42,66,64
1997m,59,48,61
1998m,126,96,100
1999m,102,49,49
NULL,125,125,125
0015c,222,182,18
1000m,40,41,42
1001m,212,212,212
1002m,231,231,244
1003m,233,231,231
1004m,234,232,238
1005m,224,228,255
1006m,41,40,42
1007m,42,40,41
1008m,40,42,44
1009m,43,43,48
1010m,195,193,191
1011m,175,175,175
1012m,163,175,179
1013m,238,209,202
1014m,238,178,188
1015m,233,179,177
1016m,234,149,149
1017m,244,188,172
1017s,242,211,183
1018m,240,180,168
1019m,233,172,165
1020m,247,136,125
1021m,186,82,47
1022m,234,227,185
1023m,243,218,104
1024m,255,166,23
1025m,205,129,38
1026m,244,188,139
1027m,154,186,202
1028m,90,137,170
1029m,46,137,189
1030m,148,169,194
1031m,199,161,191
1032m,129,108,157
1033m,110,73,129
1034m,153,66,98
1035m,99,47,61
1036m,89,48,50
1037m,190,20,34
1038m,140,47,51
1039m,161,40,49
1040m,138,134,137
1041m,110,116,123
1042m,33,79,119
1043m,44,52,69
1044m,46,49,62
1045m,134,204,191
1046m,79,172,152
1047m,158,189,162
1048m,123,149,83
1049m,111,160,77
1050m,69,150,69
1051m,1,135,69
1052m,57,116,116
1053m,231,183,165
1054m,172,131,122
1055m,212,177,143
1056m,158,105,71
1057m,160,113,85
1058m,113,70,59
1059m,66,55,52
1060m,179,166,151
1061m,244,218,171
1063m,124,118,105
1064m,255,199,29
1065m,229,120,33
1066m,245,214,161
1067m,240,221,166
1068m,255,188,22
1069m,255,177,4
1070m,210,169,112
1071m,233,229,220
1072m,220,210,189
1073m,204,219,207
1073m,236,255,230
1074m,149,181,207
1075m,132,168,200
1076m,1,87,150
1077m,226,67,61
1078m,237,83,42
1079m,1,135,79
1080m,166,125,169
1081m,186,48,81
1082m,205,186,166
1083m,250,206,90
1084m,210,185,157
1085m,184,181,175
1086m,199,201,198
1087m,188,188,184
1088m,97,169,172
1089m,108,169,178
1090m,20,133,137
1091m,1,112,128
1092m,147,194,209
1093m,27,187,201
1094m,1,179,201
1095m,1,169,194
1096m,1,125,155
1097m,175,210,192
1098m,88,135,115
1099m,186,193,159
1100m,190,209,178
1101m,72,143,82
1102m,182,175,124
1103m,52,77,59
1104m,193,197,150
1105m,171,163,126
1106m,151,140,84
1107m,232,98,118
1108m,233,139,163
1109m,207,77,136
1110m,191,47,110
1111m,197,173,197
1112m,83,70,128
1113m,235,197,192
1114m,234,186,186
1115m,239,187,193
1116m,235,173,191
1117m,212,98,142
1118m,137,145,147
1119m,156,79,100
111m,232,201,209
1120m,230,186,201
1121m,226,175,197
1122m,78,53,104
1123m,237,224,191
1124m,250,199,75
1125m,241,177,60
1126m,174,125,90
1127m,220,186,165
1128m,162,144,130
1129m,72,57,51
1130m,73,57,55
1131m,59,52,49
1132m,136,187,207
1133m,39,126,183
1134m,1,85,146
1135m,245,215,119
1136m,139,121,108
1137m,244,140,13
1138m,204,186,164
1140m,128,128,51
1141m,156,113,120
1142m,183,155,143
1143m,75,107,153
1144m,132,106,87
1145m,94,62,53
1146m,212,39,39
1147m,182,15,47
1148m,220,139,154
1149m,220,199,179
1150m,219,224,140
1151m,187,197,206
1152m,250,137,114
1153m,172,191,203
1154m,216,70,96
1155m,245,158,101
1156m,120,115,70
1157m,119,107,76
1158m,121,67,55
1159m,210,161,66
1160m,76,114,131
1161m,45,72,81
1162m,31,63,74
1163m,128,151,158
1164m,83,90,99
1166m,30,68,130
1167m,35,72,119
1168m,150,168,78
1169m,141,153,73
1170m,90,110,41
1171m,240,175,69
1172m,231,152,45
1173m,194,121,63
1174m,132,58,55
1175m,59,104,141
1176m,1,129,182
1177m,1,109,167
1178m,246,105,67
1179m,201,82,75
1180m,230,196,74
1181m,137,37,51
1182m,120,43,60
1183m,141,49,82
1184m,189,29,68
1185m,1,98,94
1186m,169,1,66
1187m,183,24,85
1188m,122,59,109
1189m,63,84,53
1190m,149,127,61
1191m,146,112,56
1192m,169,121,42
1193m,180,159,85
1194m,113,92,45
1195m,143,195,180
1196m,161,130,42
1198m,181,198,214
1199m,42,46,54
1212m,163,175,179
1214c,231,211,47
1217m,239,178,150
1218m,173,114,107
1219m,163,188,184
1220m,225,117,120
1221m,170,65,52
1222m,233,222,186
1223m,239,200,44
1224m,226,188,81
1225m,201,141,71
1226m,213,141,100
1227m,121,156,151
1228m,109,98,88
1229m,93,81,71
1230m,97,78,63
1232m,167,153,187
1233m,78,69,100
1234m,190,55,99
1235m,154,104,142
1236m,78,42,54
1238m,129,40,51
1239m,87,82,81
1240m,114,105,103
1241m,59,63,69
1242m,35,61,91
1243m,51,60,83
1244m,45,48,56
1245m,43,159,132
1246m,1,139,135
1247m,1,147,109
1248m,154,206,105
1249m,14,161,70
1250m,1,112,71
1251m,1,145,76
1252m,55,91,99
1253m,205,122,78
1254m,227,141,129
1255m,193,149,108
1256c,231,183,65
1256m,175,127,86
1257m,156,86,47
1258m,126,72,51
1259m,119,88,84
1260m,192,176,133
1261m,147,157,195
1263m,126,120,151
1264m,147,140,158
1266m,43,83,146
1267m,236,226,171
1270m,228,186,130
1272m,219,162,114
1273m,167,140,97
1274m,112,168,198
1275m,121,145,183
1276m,64,116,151
1277m,39,60,82
1278m,255,102,22
1279m,1,129,115
1280m,1,119,99
1281m,159,35,63
1282m,106,198,163
1284m,1,98,83
1286m,207,205,202
1287m,107,104,105
1288m,122,121,118
1289m,70,152,165
1290m,21,75,75
1291m,1,100,115
1292m,142,196,195
1293m,1,109,112
1294m,1,129,155
1295m,1,140,172
1296m,1,95,126
1297m,1,113,163
1298m,1,134,122
1299m,1,185,172
1301m,56,168,125
1302m,122,206,150
1303m,54,64,51
1304m,14,78,63
1305m,193,181,151
1306m,123,121,102
1307m,218,71,81
1308m,107,109,89
1309m,214,99,153
1310m,149,60,115
1311m,142,139,184
1312m,88,73,111
1313m,68,53,85
1315m,228,156,167
1317m,233,160,155
1318m,66,64,71
1319m,162,102,137
1320m,90,64,92
1321m,225,146,184
1322m,65,63,121
1323m,205,175,76
1328m,152,125,110
1329m,124,96,84
1330m,81,94,151
1334m,97,50,103
1335m,69,101,162
1336m,110,88,81
1337m,153,154,135
1338m,171,143,106
1339m,167,165,149
1340m,141,132,48
1341m,164,100,98
1342m,193,153,136
1343m,53,56,98
1344m,143,113,84
1347m,118,91,52
1348m,121,93,60
1349m,237,206,136
1350m,181,163,72
1351m,20,90,74
1352m,184,139,48
1353m,79,107,128
1354m,204,75,109
1356m,181,153,161
1357m,72,70,52
1358m,119,77,77
1359m,207,152,45
1360m,118,145,161
1361m,94,96,94
1362m,81,76,94
1363m,121,129,145
1364m,71,89,110
1365m,64,73,95
1366m,44,53,107
1367m,45,47,55
1368m,42,55,74
1369m,58,121,62
1370m,35,79,59
1371m,32,84,78
1372m,240,166,83
1373m,89,154,181
1374m,96,44,49
1375m,60,125,158
1376m,35,77,103
1377m,113,172,107
1378m,221,56,35
1379m,225,84,69
1380m,1,153,134
1381m,140,40,66
1382m,101,61,71
1383m,156,31,84
1384m,110,43,56
1385m,97,37,51
1386m,77,48,61
1387m,116,103,126
1388m,92,53,81
1389m,115,46,74
1390m,44,69,61
1391m,78,107,97
1392m,106,122,106
1393m,65,65,55
1394m,80,84,67
1395m,61,73,63
1395m,92,112,94
1396m,81,97,80
1397m,33,69,59
1610m,NULL,NULL,NULL
1940m,239,232,82
8074W,216,70,96
8118W,183,24,85
8132W,156,31,84
8141W,212,39,39
8145W,226,67,61
8146W,190,20,34
8146W,182,15,47
8153W,182,15,47
8179W,189,29,68
8184W,161,40,49
8187W,140,40,66
8202W,140,47,51
8215W,137,37,51
8215W,129,40,51
8258W,120,43,60
8265W,110,43,56
8268W,97,37,51
8270W,89,48,50
8270W,96,44,49
8330W,122,59,109
8335W,97,50,103
8362W,78,69,100
8367W,167,153,187
8377W,129,108,157
8388W,78,53,104
8414W,65,63,121
8421W,40,41,42
8421W,43,43,48
8423W,212,212,212
8423W,240,240,240
8436W,250,199,75
8437W,239,200,44
8438W,255,188,22
8438W,241,177,60
8440W,250,206,90
8445W,210,169,112
8447W,228,186,130
8448W,201,141,71
8457W,231,152,45
8463W,240,166,83
8468W,240,175,69
8469W,244,140,13
8471W,255,166,23
8473W,255,177,4
8485W,205,129,38
8485W,194,121,63
8495W,229,120,33
8516W,255,102,22
8524W,237,83,42
8528W,225,84,69
8531W,221,56,35
8538W,186,82,47
8545W,156,86,47
8548W,132,58,55
8549W,121,67,55
8550W,113,70,59
8556W,94,62,53
8604W,141,153,73
8611W,111,160,77
8619W,205,175,76
8627W,180,159,85
8629W,184,139,48
8631W,146,112,56
8631W,169,121,42
8656W,14,161,70
8662W,69,150,69
8662W,72,143,82
8663W,1,135,69
8663W,1,135,79
8664W,58,121,62
8665W,90,110,41
8674W,151,140,84
8675W,128,128,51
8687W,120,115,70
8695W,81,97,80
8697W,65,65,55
8697W,80,84,67
8699W,107,109,89
8724W,56,168,125
8730W,142,196,195
8743W,78,107,97
8751W,44,69,61
8753W,52,77,59
8774W,1,129,115
8814W,1,147,109
8817W,1,145,76
8823W,1,112,71
8828W,1,98,83
8829W,20,90,74
8832W,35,79,59
8840W,61,73,63
8840W,92,112,94
8844W,147,194,209
8848W,108,169,178
8889W,1,112,128
8894W,35,77,103
8916W,1,140,172
8921W,1,113,163
8938W,89,154,181
8942W,132,168,200
8947W,90,137,170
8955W,46,137,189
8961W,59,104,141
8984W,39,126,183
8985W,1,87,150
8992W,1,85,146
8995W,35,72,119
8996W,30,68,130
9002W,33,79,119
9002W,1,109,167
9011W,147,140,158
9029W,43,83,146
9032W,64,73,95
9039W,75,107,153
9061W,51,60,83
9063W,46,49,62
9076W,35,61,91
9078W,39,60,82
9095W,44,52,69
9101W,35,61,91
9107W,42,55,74
9113W,45,47,55
9114W,45,48,56
9122W,187,197,206
9132W,175,175,175
9141W,184,181,175
9155W,163,175,179
9168W,163,175,179
9170W,137,145,147
9213W,118,145,161
9218W,107,104,105
9223W,138,134,137
9226W,110,116,123
9228W,83,90,99
9232W,59,63,69
9256W,94,96,94
9277W,195,193,191
9292W,193,181,151
9305W,212,177,143
9310W,205,186,166
9326w,220,186,165
9345W,162,144,130
9359W,171,143,106
9374W,210,185,157
9400W,124,96,84
9406W,167,140,97
9422W,121,93,60
9436W,174,125,90
9452W,126,72,51
9460W,132,106,87
9502W,119,88,84
9536W,59,52,49
9556W,179,166,151
9575W,122,121,118
9587W,87,82,81
Copper2,191,159,130
GLD07,245,214,10
SLV01,200,200,200
SLV02,190,190,190
TCL63,233,214,10
9489W,66,55,52
1003c,236,240,255
115 C,250,224,66
5504r,25,159,152
5506r,166,200,224
5510r,8,163,53
5515r,24,40,74
5520r,67,120,197
5521r,130,162,137
5523r,255,191,222
5525r,141,98,53
5528r,255,18,146
5530r,165,166,53
5533r,234,29,53
5534r,254,224,126
5537r,255,121,150
5538r,176,212,136
5540r,138,53,53
5541r,191,207,179
5543r,249,228,232
5544r,255,135,169
5545r,89,147,207
5546r,255,138,159
5549r,180,111,53
5550r,204,194,133
5553r,255,177,180
5556r,255,170,150
5558r,255,135,142
5560r,207,143,53
5566r,237,59,53
5568r,187,90,53
5569r,192,206,232
5572r,235,179,178
5575r,75,132,171
5578r,124,171,141
5579r,125,158,53
5580r,62,33,180
5583r,196,200,237
5584r,113,53,55
5585r,241,185,229
5586r,163,132,195
5587r,121,107,166
5588r,128,0,255
5594r,255,128,131
5600r,203,216,240
5601r,141,182,232
5602r,81,143,53
5603r,73,53,56
5604r,156,186,232
5607r,6,173,173
5608r,6,160,170
5612r,166,101,53
5613r,152,192,181
5614r,192,152,182
5615r,74,55,55
5616r,241,241,193
5617r,62,76,53
5618r,177,231,203
5619r,185,228,163
5620r,130,213,53
5622r,109,175,53
5626r,255,234,53
5675r,255,171,207
5677r,255,232,225
5681r,77,117,53
5682r,181,212,241
5683r,161,186,222
5683r,124,125,125
5684r,98,116,201
5686r,14,81,53
5693r,158,232,200
5695r,255,190,53
5696r,255,193,53
5708r,255,210,53
5709r,254,159,53
5717r,224,108,53
5719r,234,37,53
5722r,114,73,103
5729r,166,53,53
5731r,62,121,53
5732r,247,115,53
5733r,138,188,233
5734r,139,183,232
5736r,17,167,53
5737r,69,34,195
5739r,8,94,53
5741r,109,167,53
5743r,158,149,53
5745r,176,152,53
5746r,152,139,53
5748r,153,86,53
5751r,115,46,53
5752r,140,226,196
5756r,151,181,53
5757r,141,173,42
5758r,75,7,53
5759r,16,53,54
5760r,35,8,53
5761r,242,228,144
5762r,242,232,53
5765r,255,183,53
5766r,255,196,53
5800r,204,158,53
5801r,157,210,53
5806r,255,2,160
5809r,166,114,53
5812r,133,36,55
5813r,135,23,53
6255r,47,54,253
6556r,49,239,11
6581r,50,238,66
7712r,255,6,155
r,255,255,255
r,1,1,1
r,247,219,23
r,125,125,125
1171c,242,233,158
154SAr,204,154,163
155SAr,211,192,178
156SAr,127,114,102
2560r,128,128,128
5501r,163,127,20
5502r,127,160,140
5503r,232,178,130
5504r,1,135,137
5505r,193,56,40
5506r,147,183,209
5507r,188,165,158
5508r,1,107,63
5509r,58,119,40
5511r,112,206,155
5512r,216,140,2
5513r,226,140,5
5514r,51,158,53
5516r,252,209,22
5517r,145,150,147
5518r,232,117,17
5519r,191,10,48
5520r,12,92,146
5521r,114,132,112
5522r,201,232,221
5523r,252,191,201
5524r,170,117,63
5525r,112,35,66
5526r,86,107,33
5527r,117,56,2
5528r,244,84,124
5529r,107,112,43
5530r,153,142,7
5531r,226,140,5
5532r,237,211,188
5533r,206,17,38
5534r,255,216,127
5535r,249,214,22
5536r,249,63,38
5537r,252,94,114
5538r,198,214,160
5539r,168,206,226
5540r,61,142,51
5541r,198,204,186
5542r,252,209,22
5543r,NULL,NULL,NULL
5544r,252,140,153
5545r,58,117,196
5546r,249,142,153
5547r,252,173,86
5549r,140,38,51
5550r,204,191,142
5551r,89,61,43
5553r,249,186,170
5554r,91,2,122
5556r,249,191,158
5558r,249,137,114
5560r,170,1,102
5561r,173,1,91
5563r,206,17,38
5564r,255,216,127
5565r,68,61,56
5566r,196,30,58
5567r,193,5,56
5568r,153,33,53
5569r,181,209,232
5570r,153,33,53
5572r,242,209,191
5573r,211,168,124
5574r,188,165,158
5575r,94,130,163
5578r,150,170,153
5579r,96,142,58
5580r,1,56,147
5581r,191,10,48
5583r,175,188,219
5584r,33,91,51
5585r,242,186,211
5586r,206,163,211
5587r,137,119,186
5588r,128,0,255
5589r,198,96,5
5590r,155,79,25
5591r,170,1,102
5592r,155,79,150
5594r,249,137,114
5595r,188,109,10
5596r,28,38,48
5597r,255,255,255
5598r,193,168,117
5599r,206,137,140
5600r,181,209,232
5601r,102,137,204
5602r,51,86,135
5603r,20,33,61
5604r,153,186,221
5607r,1,160,186
5608r,102,147,188
5609r,1,114,114
5610r,170,221,214
5611r,112,206,155
5612r,1,135,114
5613r,170,196,191
5614r,181,147,155
5615r,38,81,66
5616r,NULL,NULL,NULL
5617r,94,102,58
5618r,188,219,204
5619r,160,219,142
5620r,127,186,1
5621r,170,221,109
5622r,86,142,20
5623r,35,79,51
5625r,244,237,71
5626r,249,221,22
5629r,214,40,40
5630r,232,117,17
5631r,239,178,45
5632r,239,178,45
5633r,191,145,12
5634r,175,38,38
5635r,NULL,NULL,NULL
5636r,186,117,48
5637r,61,48,40
5638r,234,170,122
5639r,81,38,28
5640r,211,206,196
5641r,58,73,114
5642r,255,255,255
5643r,NULL,NULL,NULL
5672r,76,40,15
5675r,255,163,178
5676r,124,30,63
5677r,242,209,191
5678r,163,38,56
5681r,79,33,112
5682r,155,196,226
5683r,102,147,188
5684r,89,96,168
5685r,48,68,181
5686r,12,28,71
5687r,12,28,71
5689r,1,163,221
5690r,1,153,135
5691r,1,140,130
5692r,43,76,63
5693r,135,221,209
5694r,252,186,94
5695r,252,191,73
5696r,252,191,73
5698r,252,186,94
5699r,249,201,163
5700r,242,198,140
5701r,237,160,79
5702r,99,58,17
5703r,226,204,186
5704r,145,150,147
5705r,204,193,198
5706r,168,147,173
5707r,102,109,112
5708r,255,198,30
5709r,252,163,17
5710r,255,114,71
5711r,252,117,142
5712r,249,94,89
5713r,234,253,0
5717r,175,1,61
5718r,191,10,48
5719r,196,30,58
5722r,132,73,73
5728r,56,25,122
5729r,63,40,147
5731r,79,33,112
5732r,211,5,71
5733r,117,178,221
5734r,117,170,219
5736r,30,28,119
5737r,48,68,181
5738r,45,51,142
5739r,1,38,84
5740r,17,33,81
5741r,1,84,160
5743r,1,114,114
5745r,1,178,170
5746r,1,132,142
5748r,1,130,114
5749r,1,119,112
5750r,12,28,71
5751r,1,107,91
5752r,86,201,193
5755r,38,102,89
5756r,163,175,7
5757r,112,147,2
5758r,25,94,71
5759r,25,56,51
5760r,33,61,48
5761r,249,224,140
5762r,249,221,22
5763r,252,181,20
5764r,252,191,73
5765r,252,181,20
5766r,234,175,15
5767r,226,61,40
5769r,249,99,2
5770r,216,140,2
5771r,181,140,10
5772r,175,30,45
5773r,244,196,160
5774r,193,142,96
5776r,209,191,145
5777r,91,71,35
5778r,140,89,51
5779r,204,122,2
5780r,186,119,95
5781r,188,94,30
5782r,186,183,175
5783r,181,178,170
5784r,137,142,140
5785r,196,193,186
5786r,188,165,158
5787r,2,40,58
5788r,132,63,15
5789r,209,142,84
5794r,231,105,135
5795r,249,178,183
5796r,117,38,61
5797r,147,1,66
5800r,173,1,117
5801r,1,142,214
5802r,150,147,142
5803r,63,1,119
5804r,170,1,79
5805r,2,73,48
5806r,229,76,124
5807r,193,5,56
5809r,1,140,130
5810r,1,84,107
5811r,191,10,48
5812r,1,124,89
5813r,1,122,94
5814r,96,221,73
5815r,117,84,38
5819r,1,127,153
5820r,71,153,182
5821r,1,109,117
5823r,1,132,201
5824r,17,33,81
5825r,147,183,209
5829r,1,137,197
5836r,119,150,178
5839r,232,226,214
5841r,40,45,38
5842r,150,140,40
5843r,163,130,5
5849r,1,73,63
5850r,79,109,94
5852r,35,79,51
5853r,66,71,22
5854r,91,135,114
5855r,211,232,163
5856r,198,127,7
5860r,249,224,76
5861r,249,221,22
5864r,61,51,43
5865r,104,102,99
5870r,193,168,117
5877r,94,153,170
5884r,94,102,58
5887r,109,33,63
5899r,229,52,118
5906r,163,127,20
5907r,1,107,91
5908r,124,33,40
5909r,17,33,81
7701r,247,191,191
7706r,175,1,61
7709r,244,63,79
7710r,1,122,61
7711r,35,58,45
7712r,229,76,124
7713r,209,68,20
7812r,249,137,114
9001r,252,209,22
9002r,175,30,45
9003r,244,219,96
9004r,244,191,209
9005r,181,155,12
9006r,163,38,56
9007r,244,84,124
9008r,232,117,17
9009r,211,165,201
9010r,198,147,10
9011r,181,140,178
9012r,209,1,86
9013r,175,1,61
9015r,219,130,140
9016r,198,163,193
9017r,135,1,91
9018r,242,237,158
9019r,112,53,114
9020r,206,17,38
9021r,89,17,142
9022r,25,33,104
9023r,239,43,45
9024r,NULL,NULL,NULL
9025r,219,130,140
9026r,249,221,214
9027r,142,5,84
9028r,NULL,NULL,NULL
9029r,214,216,211
9030r,252,201,198
9031r,86,1,140
9032r,193,201,221
9034r,255,211,170
9035r,221,206,17
9036r,255,160,204
9037r,255,160,204
9038r,252,135,68
9039r,117,170,219
9040r,252,191,201
9041r,229,196,214
9042r,109,51,33
9044r,244,201,201
9045r,232,191,186
9046r,119,45,107
9047r,255,183,119
9048r,91,119,204
9049r,73,48,173
9050r,234,175,15
9051r,249,214,22
9052r,1,127,153
9053r,68,35,94
9054r,1,160,186
9055r,109,33,63
9056r,165,63,15
9057r,79,1,147
9058r,249,96,58
9059r,130,198,226
9060r,1,153,181
9061r,249,142,109
9062r,1,68,89
9063r,219,168,165
9064r,168,147,173
9065r,229,86,109
9066r,249,63,38
9067r,201,173,216
9068r,252,158,112
9069r,NULL,NULL,NULL
9070r,232,191,186
9071r,102,17,109
9072r,249,86,2
9073r,249,186,170
9074r,249,191,193
9075r,38,84,124
9076r,165,221,226
9077r,178,107,112
9078r,252,173,175
9079r,81,181,224
9080r,247,209,204
9081r,102,147,188
9082r,224,201,204
9083r,NULL,NULL,NULL
9084r,153,135,20
9085r,234,237,53
9086r,196,153,119
9087r,178,130,96
9088r,170,114,191
9089r,155,196,226
9090r,186,191,183
9091r,1,158,96
9092r,1,135,81
9094r,244,219,170
9095r,219,211,211
9096r,145,150,147
9097r,160,45,150
9098r,173,135,153
9099r,140,130,153
9100r,1,63,84
9101r,204,226,221
9102r,1,135,137
9103r,140,204,211
9104r,1,73,79
9105r,1,130,155
9106r,150,216,175
9107r,119,145,130
9108r,163,175,7
9109r,255,204,73
9110r,150,147,142
9111r,102,109,112
9112r,155,153,147
9113r,191,186,175
9114r,145,150,147
9115r,137,142,140
9116r,NULL,NULL,NULL
9117r,130,127,119
9118r,181,168,12
9119r,112,91,10
9120r,181,170,89
9121r,158,153,89
9122r,73,68,17
9123r,204,191,142
9124r,191,145,12
9125r,193,168,117
9126r,206,193,181
9127r,255,204,30
9128r,175,137,112
9129r,119,114,99
9130r,186,117,48
9131r,209,142,84
9132r,232,178,130
9133r,117,84,38
9134r,168,153,140
9135r,181,145,124
9136r,211,168,124
9137r,117,84,38
9138r,165,221,226
9139r,1,119,112
9140r,1,140,130
9141r,86,201,193
9142r,1,109,102
9143r,38,104,109
9144r,1,158,96
9145r,5,112,94
9146r,1,53,58
9147r,30,181,58
9148r,96,198,89
9149r,170,221,150
9150r,112,147,2
9151r,73,89,40
9152r,84,119,48
9154r,132,130,5
9155r,84,71,45
9156r,96,51,17
9157r,255,147,56
9158r,68,61,56
9159r,249,89,81
9160r,244,196,160
9161r,244,71,107
9162r,109,33,63
9163r,140,112,107
9164r,232,135,142
9165r,198,147,10
9166r,102,86,188
9167r,158,145,198
9168r,249,79,142
9169r,2,73,48
RA5510r,45,51,142
RA5552r,140,38,51
RA5552r,156,166,150
1008c,233,238,242
2201r,191,145,12
2201r,191,145,12
2202r,119,145,130
2203r,233,205,12
2204r,127,214,219
2205r,193,56,40
2206r,153,186,221
2207r,221,198,196
2208r,1,135,81
2209r,58,119,40
2210r,30,28,119
2211r,160,219,142
2212r,224,170,15
2213r,252,163,17
2214r,51,158,53
2215r,20,33,61
2216r,255,204,73
2217r,104,102,99
2218r,249,107,7
2219r,196,30,58
2220r,45,51,142
2221r,158,170,153
2222r,201,232,221
2223r,252,191,201
2224r,170,117,63
2225r,119,45,53
2226r,86,142,20
2227r,135,96,40
2228r,229,86,109
2229r,86,99,20
2230r,147,153,5
2231r,186,117,48
2232r,237,211,188
2233r,191,10,48
2234r,255,216,127
2235r,252,224,22
2236r,249,86,2
2237r,242,175,193
2238r,181,232,191
2239r,155,196,226
2240r,1,122,61
2241r,188,193,178
2242r,252,209,22
2243r,239,204,206
2244r,252,140,153
2245r,109,135,168
2246r,229,86,109
2247r,252,186,94
2248r,244,71,107
2249r,140,38,51
2250r,204,198,147
2251r,89,61,43
2252r,122,38,56
2253r,249,186,170
2254r,142,71,173
2255r,247,191,191
2256r,249,191,158
2257r,249,198,170
2258r,249,165,140
2259r,206,1,124
2260r,211,107,158
2261r,226,40,130
2262r,234,15,107
2263r,206,17,38
2264r,247,232,170
2265r,119,119,114
2266r,196,30,58
2267r,163,38,56
2268r,140,38,51
2269r,175,188,219
2270r,153,33,53
2271r,221,198,196
2272r,211,183,163
2273r,211,168,124
2274r,216,204,209
2275r,109,135,168
2276r,239,198,211
2277r,244,63,79
2278r,122,168,145
2279r,170,221,109
2280r,45,51,142
2281r,191,10,48
2282r,198,214,160
2283r,209,206,221
2284r,1,107,63
2285r,237,196,221
2286r,201,173,216
2287r,137,119,186
2288r,175,114,193
2289r,188,79,7
2290r,155,79,25
2291r,206,1,124
2292r,158,35,135
2293r,252,155,178
2294r,249,142,109
2295r,175,117,5
2296r,28,38,48
2297r,191,191,191
2298r,209,191,145
2299r,234,178,178
2300r,181,209,232
2301r,127,140,191
2302r,51,86,135
2303r,17,33,81
2304r,175,188,219
2305r,153,214,221
2306r,40,196,216
2307r,1,173,198
2308r,94,153,170
2309r,96,145,145
2310r,147,221,219
2311r,112,206,155
2312r,112,206,155
2313r,178,216,216
2314r,181,147,155
2315r,2,73,48
2316r,242,234,188
2317r,94,102,58
2318r,201,232,221
2319r,181,204,142
2320r,140,214,1
2321r,127,186,1
2322r,127,186,1
2323r,33,91,51
2324r,247,232,170
2325r,244,237,71
2326r,249,232,20
2327r,249,155,12
2328r,247,127,1
2329r,249,63,38
2330r,252,135,68
2331r,224,170,15
2332r,242,191,73
2333r,163,127,20
2334r,160,48,51
2335r,245,245,245
2336r,216,181,150
2337r,63,48,43
2338r,193,142,96
2339r,93,46,41
2340r,219,211,211
2341r,58,73,114
2342r,212,212,212
2343r,240,240,240
2344r,199,5,58
2345r,255,170,213
2346r,241,175,126
2347r,252,182,200
2348r,158,36,232
2349r,220,174,247
2350r,108,108,255
2351r,156,165,245
2352r,69,192,252
2353r,1,155,1
2354r,1,128,1
2355r,94,187,1
2356r,232,198,4
2357r,241,238,99
2358r,234,81,81
2359r,253,102,30
2360r,160,80,80
2361r,236,199,51
2362r,232,200,19
2363r,121,109,135
2364r,224,35,68
2365r,151,94,131
2366r,184,147,58
2367r,255,164,119
2368r,206,202,30
2369r,254,214,186
2370r,255,187,221
2371r,221,241,80
2372r,89,61,43
2373r,249,178,183
2374r,249,175,173
2375r,242,104,119
2376r,79,33,58
2377r,242,196,175
2378r,191,10,48
2379r,229,191,198
2380r,102,17,109
2381r,76,20,94
2382r,198,209,214
2383r,165,186,224
2384r,91,119,204
2385r,45,51,142
2386r,53,63,91
2387r,20,33,61
2388r,1,142,214
2389r,1,160,196
2390r,53,196,175
2391r,1,140,130
2392r,79,109,94
2393r,147,221,219
2394r,252,163,17
2395r,255,204,73
2396r,255,204,73
2397r,247,73,2
2398r,252,206,135
2399r,252,206,135
2400r,191,145,12
2401r,209,142,84
2402r,117,84,38
2403r,NULL,NULL,NULL
2404r,204,193,198
2405r,204,193,198
2406r,168,147,173
2407r,102,109,112
2408r,252,216,86
2409r,252,163,17
2410r,1,122,61
2411r,40,45,38
2412r,249,132,142
2413r,244,204,170
2414r,249,137,114
2415r,237,114,170
2416r,214,2,112
2417r,170,1,79
2418r,175,30,45
2419r,191,10,48
2420r,214,40,40
2421r,117,38,61
2422r,142,104,119
2423r,252,191,201
2424r,181,140,178
2425r,142,71,173
2426r,155,79,150
2427r,51,40,117
2428r,53,1,109
2429r,30,28,119
2430r,91,2,122
2431r,68,35,94
2432r,170,1,79
2433r,117,178,221
2434r,117,170,219
2435r,102,137,204
2436r,1,56,147
2437r,63,40,147
2438r,1,43,127
2439r,15,43,91
2440r,43,38,91
2441r,1,142,214
2442r,1,84,160
2443r,96,145,145
2444r,1,63,84
2445r,1,114,114
2446r,1,109,117
2447r,1,102,99
2448r,1,130,114
2449r,1,102,99
2450r,53,38,79
2451r,1,96,86
2452r,147,221,219
2453r,1,122,61
2454r,1,107,63
2455r,1,107,84
2456r,163,175,7
2457r,127,186,1
2458r,2,73,48
2459r,25,56,51
2460r,38,81,66
2461r,234,221,150
2462r,249,221,22
2463r,252,181,20
2464r,255,198,30
2465r,252,191,73
2466r,252,209,22
2467r,247,73,2
2468r,249,86,2
2469r,249,99,2
2470r,224,170,15
2471r,198,160,12
2472r,175,30,45
2473r,247,211,181
2474r,193,168,117
2475r,211,168,124
2476r,214,204,175
2477r,107,71,20
2478r,117,84,38
2479r,175,117,5
2480r,178,107,112
2481r,155,79,25
2482r,204,193,198
2483r,175,170,163
2484r,140,137,132
2485r,219,211,211
2486r,178,168,181
2487r,53,56,66
2488r,178,130,96
2489r,170,117,63
2490r,99,48,94
2491r,229,86,109
2492r,1,135,137
2493r,193,142,96
2494r,147,22,56
2495r,249,178,183
2496r,102,30,43
2497r,142,35,68
2498r,109,33,63
2499r,142,35,68
2500r,173,1,117
2501r,252,201,198
2502r,244,191,209
2503r,247,191,191
2504r,170,1,79
2505r,163,38,56
2506r,196,30,58
2507r,175,1,61
2508r,216,28,63
2509r,252,94,114
2510r,249,198,170
2511r,249,186,170
2512r,249,137,114
2513r,226,61,40
2514r,1,140,130
2515r,1,178,160
2515r,1,178,160
2516r,71,214,193
2517r,135,221,209
2518r,45,198,214
2519r,1,165,219
2520r,1,163,221
2521r,1,109,117
2522r,175,188,219
2523r,51,86,135
2524r,119,150,178
2525r,193,201,221
2526r,102,137,204
2527r,89,96,168
2528r,102,137,204
2529r,58,117,196
2530r,117,170,219
2531r,196,216,226
2532r,196,216,226
2533r,96,175,221
2534r,1,61,107
2535r,58,86,79
2536r,155,170,191
2537r,191,186,175
2538r,204,193,178
2539r,209,204,191
2540r,173,175,170
2541r,68,61,56
2542r,153,132,10
2543r,163,130,5
2544r,137,119,25
2545r,112,112,20
2546r,132,130,5
2547r,226,229,132
2548r,153,142,7
2549r,1,73,79
2550r,79,109,94
2551r,119,145,130
2552r,12,48,38
2553r,35,58,45
2554r,84,104,86
2555r,201,214,163
2556r,224,170,15
2557r,244,226,135
2558r,255,198,30
2559r,247,232,170
2561r,198,160,12
2562r,163,127,20
2563r,89,61,43
2564r,63,48,43
2565r,68,61,56
2566r,61,48,40
2567r,99,58,17
2568r,193,168,117
2569r,122,91,17
2570r,193,168,117
2571r,193,181,165
2572r,173,160,122
2573r,173,160,122
2574r,234,234,234
2575r,102,89,76
2576r,73,53,51
2577r,94,153,170
2578r,30,181,58
2579r,1,158,73
2580r,1,158,73
2581r,165,63,15
2582r,227,223,206
2583r,168,168,1
2584r,63,73,38
2585r,145,150,147
2586r,242,191,73
2587r,89,51,68
2588r,226,158,214
2589r,1,63,84
2590r,170,1,102
2591r,216,137,155
2592r,173,175,170
2593r,237,211,181
2594r,122,168,145
2595r,84,119,48
2596r,198,160,12
2597r,1,124,102
2598r,193,201,221
2599r,239,198,211
2600r,81,38,84
2601r,63,73,38
2602r,216,140,2
2603r,20,33,61
2604r,252,228,148
2605r,255,204,73
2606r,242,206,104
2607r,1,104,84
2608r,124,33,40
2609r,1,38,84
2610r,162,81,81
2611r,143,71,71
2612r,38,84,124
2613r,1,38,84
2614r,91,119,204
2615r,1,109,102
2616r,81,45,68
2617r,132,153,165
2618r,173,175,170
2619r,1,81,186
2620r,1,45,71
2621r,1,107,119
2622r,117,38,61
2623r,175,30,45
2624r,119,150,178
2625r,25,33,104
2626r,255,198,30
2627r,1,51,127
2628r,53,1,109
2629r,116,78,50
2630r,226,214,181
2631r,43,76,63
2647r,1,38,73
2728r,33,61,48
2729r,104,102,99
2730r,1,163,221
2731r,140,137,132
2732r,249,224,140
2733r,196,193,186
2734r,1,68,56
2735r,1,109,102
2736r,43,17,102
2737r,1,112,158
2738r,86,170,28
2739r,153,137,124
2740r,1,122,165
2741r,186,183,175
2742r,56,25,122
2743r,1,96,86
5559r,255,119,168
8030W,249,186,170
8079W,216,28,63
8097W,206,1,124
8116W,211,107,158
8123W,226,40,130
8144W,214,40,40
8147W,206,17,38
8158W,191,10,48
8183W,196,30,58
8186W,175,30,45
8201W,160,48,51
8208W,124,33,40
8209W,140,38,51
8232w,102,30,43
8253W,153,33,53
8262w,117,38,61
8263W,122,38,56
8273W,79,33,58
8275W,102,30,43
8300W,252,191,201
8323W,158,35,135
8341W,102,17,109
8348W,142,71,173
8362W,81,38,84
8396W,204,193,198
8416W,53,1,109
8420W,53,1,109
8421W,64,0,64
8421W,28,38,48
8422W,191,191,191
8423W,212,212,212
8437W,249,221,22
8439W,249,232,20
8441W,252,224,22
8454W,255,204,73
8456W,252,209,22
8459W,255,198,30
8462W,255,198,30
8465W,255,198,30
8470W,224,170,15
8478W,247,232,170
8479W,249,224,140
8483w,193,168,117
8489W,163,127,20
8518W,249,99,2
8522W,249,99,2
8528W,247,73,2
8541W,155,79,25
8542W,165,63,15
8598W,163,175,7
8611W,127,186,1
8615W,140,214,1
8615W,127,186,1
8625W,153,142,7
8655W,1,122,61
8657W,86,170,28
8662W,58,119,40
8663W,1,135,81
8693W,94,102,58
8812W,25,56,51
8816W,1,122,61
8819W,1,107,63
8821W,1,104,84
8830W,38,81,66
8832W,2,73,48
8832W,1,107,84
8834W,1,158,73
8922W,1,163,221
8922W,1,122,165
8953W,91,119,204
8985W,1,81,186
8987W,1,51,127
8989W,89,96,168
8991W,1,56,147
8991W,1,43,127
9001W,38,84,124
9014W,173,175,170
9022W,117,170,219
9029W,91,119,204
9043W,53,38,79
9046W,43,38,91
9050w,17,33,81
9058w,25,33,104
9069W,1,61,107
9082W,1,38,84
9089W,1,45,71
9099w,20,33,61
9144W,173,175,170
9147W,173,175,170
9150W,191,186,175
9151W,204,193,178
9153W,196,193,186
9160W,175,170,163
9167W,145,150,147
9172W,173,175,170
9240W,140,137,132
9249W,102,109,112
9259W,68,61,56
9297W,193,181,165
9311W,214,204,175
9315W,193,168,117
9404W,191,145,12
9404W,191,145,12
9434W,170,117,63
9454W,117,84,38
9520w,119,119,114
9604W,68,61,56
9621W,79,109,94
JGOLD,244,214,12
K94r,196,158,13
r,192,43,1
RA2560r,249,221,22
WHTGL,248,248,247
5713r,200,200,200
6104r,221,32,130
6105r,208,32,55
6106r,236,32,29
6500r,209,32,176
6501r,255,227,231
6502r,255,215,240
6503r,255,216,224
6507r,208,32,71
6508r,255,32,76
6509r,255,28,96
6510r,255,218,219
6511r,255,202,209
6512r,255,159,152
6513r,255,39,1
6514r,32,178,66
6515r,32,191,114
6516r,103,217,173
6517r,184,240,211
6518r,127,219,195
6519r,18,198,216
6520r,30,176,222
6521r,32,192,170
6522r,183,213,240
6523r,76,133,200
6524r,112,179,213
6525r,223,232,248
6526r,77,159,216
6527r,51,105,200
6528r,89,175,223
6529r,64,154,215
6530r,73,175,223
6531r,207,239,246
6532r,210,240,240
6533r,80,169,206
6534r,32,87,128
6535r,32,57,30
6536r,123,157,177
6537r,229,225,228
6538r,213,205,205
6539r,230,227,230
6540r,185,204,208
6541r,32,32,32
6542r,198,192,32
6543r,183,144,32
6544r,148,128,32
6545r,139,140,32
6546r,174,174,32
6547r,232,238,173
6548r,224,224,32
6549r,32,93,32
6550r,32,115,41
6551r,122,157,88
6552r,13,100,32
6553r,32,57,32
6554r,32,116,32
6555r,224,232,163
6556r,232,163,32
6557r,240,232,167
6558r,255,199,32
6559r,254,240,200
6560r,248,221,32
6561r,240,210,32
6562r,183,130,32
6563r,64,1,1
6564r,34,32,32
6565r,41,31,38
6566r,38,32,32
6567r,89,32,24
6568r,213,187,172
6569r,132,86,32
6570r,174,134,75
6571r,232,224,203
6572r,170,160,128
6573r,124,114,61
6574r,250,248,248
6575r,64,17,15
6576r,40,32,32
6577r,59,127,152
6578r,32,198,32
6579r,32,207,32
6580r,32,181,32
6581r,208,14,32
6582r,254,242,233
6584r,31,81,32
6585r,180,185,189
6586r,240,189,40
6587r,39,32,32
6588r,225,167,224
6589r,32,20,31
6590r,217,32,160
6591r,178,88,119
6592r,198,200,202
6593r,255,235,219
6594r,55,160,104
6595r,115,156,32
6596r,222,179,32
6597r,32,159,15
6598r,208,217,232
6599r,254,224,243
6600r,40,32,57
6601r,56,87,32
6602r,247,135,32
6701r,206,141,32
6702r,25,96,32
6703r,239,196,170
6704r,46,195,167
6705r,209,5,32
6706r,148,192,219
6707r,232,215,221
6708r,32,163,15
6709r,18,159,32
6710r,80,32,178
6711r,163,222,142
6712r,249,174,32
6713r,255,137,32
6714r,22,176,32
6715r,32,32,17
6716r,255,200,32
6717r,72,62,76
6718r,255,64,32
6719r,228,32,32
6720r,61,111,200
6721r,112,127,74
6722r,230,248,232
6723r,255,208,224
6724r,212,168,134
6725r,136,32,40
6726r,64,155,32
6727r,122,45,32
6728r,255,95,124
6729r,84,128,32
6730r,171,181,32
6731r,234,111,32
6732r,248,231,227
6733r,238,32,1
6734r,255,226,148
6735r,255,240,32
6736r,255,19,32
6737r,240,165,187
6738r,209,230,176
6739r,192,232,240
6740r,13,170,32
6741r,203,203,192
6742r,255,217,32
6743r,242,223,230
6744r,255,127,158
6745r,86,161,206
6746r,232,55,117
6747r,255,164,29
6748r,255,117,154
6749r,149,32,16
6750r,202,196,109
6751r,48,32,32
6752r,132,32,5
6753r,255,199,198
6754r,137,32,184
6755r,255,216,223
6756r,255,183,166
6757r,255,219,221
6758r,255,165,168
6759r,255,136,205
6760r,242,72,184
6761r,255,32,172
6762r,249,32,98
6763r,248,32,32
6764r,255,239,189
6765r,54,50,49
6766r,246,32,32
6767r,200,32,35
6768r,165,32,1
6769r,159,192,223
6770r,174,32,4
6770r,176,232,216
6771r,232,210,216
6772r,220,178,177
6773r,224,177,158
6774r,239,224,238
6775r,77,124,154
6776r,231,185,201
6777r,255,32,34
6778r,128,205,158
6779r,168,208,17
6780r,49,112,199
6781r,231,32,32
6782r,178,206,115
6783r,216,208,224
6784r,32,127,32
6785r,239,212,240
6786r,176,160,202
6787r,131,117,197
6788r,151,72,199
6789r,223,45,3
6790r,162,77,32
6791r,247,32,178
6792r,184,41,182
6793r,255,133,184
6794r,255,132,117
6795r,199,103,32
6796r,3,32,32
6797r,253,248,249
6798r,219,182,151
6799r,232,183,189
6800r,206,227,232
6801r,102,157,207
6802r,43,60,143
6803r,32,32,29
6804r,184,212,238
6805r,161,231,211
6806r,64,208,184
6807r,32,192,178
6808r,71,177,183
6809r,32,129,125
6810r,192,239,221
6811r,121,224,166
6812r,120,208,157
6813r,161,210,201
6814r,144,96,127
6815r,32,126,9
6816r,240,231,194
6817r,89,104,32
6818r,218,242,231
6819r,210,229,162
6820r,171,213,32
6821r,172,200,32
6822r,139,192,32
6823r,32,128,32
6824r,255,238,203
6825r,241,232,31
6826r,255,240,32
6827r,255,127,32
6828r,255,117,32
6829r,250,32,32
6830r,255,81,32
6831r,248,186,32
6832r,240,182,98
6833r,205,153,32
6834r,175,32,6
6835r,255,240,229
6836r,223,173,156
6837r,58,32,32
6838r,229,167,137
6839r,87,32,32
6840r,230,223,230
6841r,37,32,81
6842r,253,248,246
6843r,253,251,245
6858r,32,100,32
6872r,30,32,32
6873r,255,171,187
6874r,255,182,191
6875r,255,96,120
6876r,75,32,49
6877r,255,230,232
6878r,231,32,32
6879r,229,197,211
6880r,162,32,186
6881r,84,32,142
6882r,224,232,237
6883r,166,202,235
6884r,68,144,209
6885r,50,72,192
6886r,37,32,102
6887r,32,32,2
6888r,49,176,223
6889r,32,193,208
6890r,32,190,135
6891r,32,155,62
6892r,18,80,32
6894r,255,141,32
6895r,255,199,32
6896r,255,202,32
6897r,255,16,32
6898r,255,205,124
6899r,238,203,153
6900r,239,196,119
6901r,241,161,111
6902r,109,40,32
6903r,240,228,224
6904r,203,198,204
6905r,229,223,230
6906r,179,161,183
6907r,73,78,79
6908r,255,217,45
6909r,255,142,32
6910r,15,158,32
6911r,32,42,32
6912r,255,138,162
6913r,255,232,226
6914r,255,155,163
6915r,255,108,195
6916r,240,32,160
6917r,232,32,109
6918r,216,32,2
6919r,232,32,32
6920r,248,32,32
6921r,149,32,60
6922r,54,32,35
6923r,255,184,211
6924r,150,80,161
6925r,141,61,192
6926r,170,11,191
6927r,73,41,168
6928r,108,32,183
6929r,77,32,177
6930r,107,32,175
6931r,91,32,167
6932r,231,32,112
6933r,126,192,231
6934r,110,168,223
6935r,59,171,223
6936r,58,39,184
6937r,68,32,178
6938r,86,6,185
6939r,33,32,121
6940r,46,32,137
6941r,30,138,182
6942r,72,152,216
6943r,32,154,138
6944r,32,27,32
6945r,32,182,153
6946r,32,176,147
6947r,32,126,13
6948r,32,151,40
6949r,32,129,52
6950r,35,32,103
6951r,32,155,15
6952r,97,215,177
6953r,32,152,32
6954r,32,114,32
6955r,32,134,4
6956r,204,209,32
6957r,126,176,32
6959r,32,61,32
6960r,32,84,32
6961r,241,232,179
6962r,255,224,32
6963r,255,151,32
6964r,255,192,32
6965r,255,175,32
6966r,255,210,32
6967r,254,32,32
6968r,255,23,32
6969r,255,46,32
6970r,255,165,32
6971r,217,184,32
6972r,207,32,33
6973r,255,230,217
6974r,152,104,38
6975r,240,187,161
6976r,240,231,205
6977r,148,106,55
6978r,99,2,32
6979r,228,133,32
6980r,212,120,133
6981r,182,89,32
6982r,210,207,215
6983r,191,190,192
6984r,161,158,166
6985r,232,231,232
6986r,148,141,151
6987r,1,32,12
6988r,164,84,62
6989r,176,103,3
6990r,127,18,141
6991r,248,64,138
6992r,32,185,149
6993r,197,140,85
6994r,206,16,113
6995r,255,162,177
6996r,99,32,32
6997r,167,32,63
6998r,99,32,43
6999r,175,32,76
r,125,125,125
NULL,NULL,NULL,NULL
0,128,128,128
0104a,128,128,128
0107a,128,128,128
0109a,128,128,128
0141a,128,128,128
0156a,128,128,128
0241a,128,128,128
0251a,128,128,128
0260a,128,128,128
0454a,128,128,128
0505a,128,128,128
0510a,128,128,128
0545a,128,128,128
0551a,128,128,128
0580a,128,128,128
0590a,128,128,128
0610a,128,128,128
0615a,128,128,128
0620a,128,128,128
0625a,128,128,128
0635a,128,128,128
0726a,128,128,128
0732a,128,128,128
0805a,128,128,128
2502a,128,128,128
2611a,128,128,128
2620a,128,128,128
2675a,128,128,128
4000,128,128,128
4516a,128,128,128
5040a,128,128,128
5255a,128,128,128
5375a,128,128,128
5776a,128,128,128
6065a,128,128,128
8157w,182,15,47
8183W,206,17,38
8422w,191,191,191
8495w,229,120,33
8750w,52,77,59
9170w,137,145,147
9295w,210,185,157
,239,237,252
,214,250,5
0110a,80,86,108
0112a,138,234,1
0173a,225,225,1
0587a,231,177,21
0703a,37,74,160
0713a,255,243,84
1940a,253,151,169
1940a,182,50,201
1940a,245,5,227
1971a,145,5,145
2220a,254,141,140
2655a,254,206,206
6051a,216,225,100
1001m,240,240,240
1072m,NULL,NULL,NULL
2610r,NULL,NULL,NULL